,S0,S1,S2,S3,AVG
0,453.0,419.0,185.0,175.0,308.0
1,452.0,419.0,185.0,175.0,307.0
2,452.0,419.0,186.0,175.0,308.0
3,452.0,419.0,185.0,176.0,308.0
4,452.0,420.0,186.0,176.0,308.0
5,453.0,420.0,184.0,171.0,307.0
6,451.0,420.0,183.0,174.0,307.0
7,450.0,420.0,183.0,174.0,306.0
8,450.0,420.0,182.0,175.0,306.0
9,449.0,420.0,182.0,175.0,306.0
10,449.0,420.0,183.0,175.0,306.0
11,449.0,420.0,182.0,176.0,306.0
12,450.0,420.0,182.0,172.0,306.0
13,449.0,420.0,182.0,172.0,305.0
14,448.0,420.0,182.0,172.0,305.0
15,448.0,420.0,182.0,172.0,305.0
16,448.0,421.0,183.0,172.0,306.0
17,447.0,421.0,182.0,171.0,305.0
18,447.0,420.0,182.0,170.0,304.0
19,446.0,420.0,182.0,171.0,304.0
20,447.0,420.0,182.0,171.0,305.0
21,446.0,421.0,182.0,170.0,304.0
22,446.0,420.0,181.0,170.0,304.0
23,445.0,421.0,181.0,171.0,304.0
24,446.0,421.0,181.0,170.0,304.0
25,445.0,420.0,182.0,170.0,304.0
26,446.0,421.0,182.0,170.0,304.0
27,445.0,420.0,183.0,170.0,304.0
28,447.0,421.0,183.0,170.0,305.0
29,446.0,420.0,182.0,170.0,304.0
30,446.0,420.0,182.0,169.0,304.0
31,446.0,420.0,182.0,170.0,304.0
32,446.0,420.0,182.0,170.0,304.0
33,446.0,419.0,183.0,170.0,304.0
34,446.0,420.0,181.0,169.0,304.0
35,446.0,420.0,182.0,168.0,304.0
36,445.0,419.0,181.0,169.0,303.0
37,445.0,419.0,181.0,169.0,303.0
38,445.0,419.0,182.0,169.0,303.0
39,444.0,419.0,183.0,170.0,304.0
40,445.0,419.0,183.0,170.0,304.0
41,445.0,419.0,183.0,170.0,304.0
42,444.0,419.0,182.0,169.0,303.0
43,444.0,419.0,182.0,169.0,303.0
44,444.0,419.0,182.0,170.0,303.0
45,443.0,419.0,182.0,170.0,303.0
46,443.0,419.0,182.0,170.0,303.0
47,443.0,419.0,182.0,169.0,303.0
48,443.0,419.0,181.0,170.0,303.0
49,443.0,419.0,181.0,170.0,303.0
50,443.0,419.0,181.0,170.0,303.0
51,443.0,419.0,182.0,169.0,303.0
52,443.0,419.0,181.0,170.0,303.0
53,443.0,419.0,181.0,170.0,303.0
54,443.0,419.0,181.0,170.0,303.0
55,443.0,419.0,180.0,169.0,302.0
56,444.0,419.0,181.0,169.0,303.0
57,444.0,419.0,181.0,168.0,303.0
58,443.0,419.0,181.0,167.0,302.0
59,444.0,418.0,181.0,168.0,302.0
60,444.0,418.0,181.0,167.0,302.0
61,444.0,418.0,181.0,168.0,302.0
62,445.0,419.0,182.0,168.0,303.0
63,444.0,418.0,182.0,168.0,303.0
64,443.0,418.0,181.0,167.0,302.0
65,444.0,418.0,181.0,167.0,302.0
66,443.0,417.0,181.0,168.0,302.0
67,444.0,418.0,181.0,167.0,302.0
68,444.0,418.0,181.0,168.0,302.0
69,444.0,418.0,181.0,168.0,302.0
70,443.0,418.0,181.0,167.0,302.0
71,444.0,418.0,181.0,168.0,302.0
72,444.0,418.0,181.0,168.0,302.0
73,444.0,418.0,182.0,168.0,303.0
74,444.0,418.0,181.0,166.0,302.0
75,444.0,418.0,181.0,166.0,302.0
76,446.0,418.0,181.0,166.0,302.0
77,446.0,418.0,182.0,166.0,303.0
78,446.0,417.0,181.0,167.0,302.0
79,446.0,417.0,182.0,167.0,303.0
80,446.0,417.0,182.0,167.0,303.0
81,445.0,416.0,182.0,167.0,302.0
82,445.0,416.0,182.0,167.0,302.0
83,445.0,416.0,182.0,167.0,302.0
84,445.0,416.0,182.0,167.0,302.0
85,446.0,416.0,183.0,166.0,302.0
86,445.0,417.0,181.0,166.0,302.0
87,445.0,417.0,181.0,166.0,302.0
88,446.0,417.0,181.0,166.0,302.0
89,447.0,417.0,181.0,166.0,302.0
90,447.0,417.0,181.0,166.0,302.0
91,448.0,417.0,181.0,166.0,303.0
92,448.0,417.0,181.0,166.0,303.0
93,447.0,417.0,181.0,166.0,302.0
94,447.0,417.0,181.0,166.0,302.0
95,446.0,417.0,180.0,165.0,302.0
96,446.0,416.0,180.0,166.0,302.0
97,446.0,416.0,181.0,165.0,302.0
98,446.0,416.0,181.0,165.0,302.0
99,446.0,416.0,181.0,166.0,302.0
100,446.0,416.0,181.0,166.0,302.0
101,445.0,416.0,181.0,166.0,302.0
102,446.0,416.0,181.0,166.0,302.0
103,444.0,416.0,181.0,169.0,302.0
104,446.0,416.0,180.0,170.0,303.0
105,445.0,417.0,181.0,166.0,302.0
106,445.0,417.0,181.0,164.0,301.0
107,444.0,417.0,180.0,171.0,303.0
108,444.0,416.0,181.0,162.0,300.0
109,444.0,417.0,181.0,163.0,301.0
110,443.0,417.0,181.0,163.0,301.0
111,445.0,416.0,181.0,164.0,301.0
112,445.0,417.0,181.0,166.0,302.0
113,446.0,417.0,181.0,167.0,302.0
114,446.0,417.0,181.0,170.0,303.0
115,443.0,417.0,180.0,169.0,302.0
116,449.0,417.0,180.0,172.0,304.0
117,448.0,416.0,180.0,168.0,303.0
118,448.0,418.0,182.0,172.0,305.0
119,448.0,417.0,183.0,173.0,305.0
120,449.0,418.0,183.0,172.0,305.0
121,450.0,418.0,184.0,170.0,305.0
122,449.0,418.0,184.0,171.0,305.0
123,452.0,418.0,184.0,171.0,306.0
124,452.0,417.0,184.0,170.0,305.0
125,450.0,417.0,184.0,171.0,305.0
126,450.0,421.0,183.0,172.0,306.0
127,448.0,419.0,186.0,172.0,306.0
128,448.0,419.0,183.0,174.0,306.0
129,447.0,420.0,182.0,171.0,305.0
130,448.0,424.0,180.0,169.0,305.0
131,447.0,423.0,183.0,170.0,305.0
132,445.0,418.0,182.0,171.0,304.0
133,447.0,419.0,183.0,167.0,304.0
134,444.0,421.0,183.0,172.0,305.0
135,446.0,417.0,180.0,171.0,303.0
136,443.0,416.0,180.0,167.0,301.0
137,442.0,416.0,185.0,160.0,300.0
138,442.0,414.0,181.0,164.0,300.0
139,446.0,420.0,183.0,165.0,303.0
140,445.0,423.0,185.0,164.0,304.0
141,445.0,421.0,190.0,174.0,307.0
142,453.0,438.0,194.0,172.0,314.0
143,459.0,430.0,211.0,193.0,323.0
144,465.0,430.0,211.0,189.0,323.0
145,460.0,436.0,212.0,203.0,327.0
146,469.0,441.0,229.0,201.0,335.0
147,461.0,434.0,219.0,222.0,334.0
148,473.0,433.0,243.0,202.0,337.0
149,460.0,431.0,217.0,180.0,322.0
150,451.0,416.0,188.0,168.0,305.0
151,447.0,416.0,189.0,169.0,305.0
152,447.0,415.0,188.0,168.0,304.0
153,447.0,415.0,187.0,167.0,304.0
154,445.0,415.0,187.0,168.0,303.0
155,445.0,415.0,187.0,169.0,304.0
156,444.0,414.0,186.0,170.0,303.0
157,443.0,414.0,186.0,172.0,303.0
158,443.0,413.0,186.0,170.0,303.0
159,443.0,414.0,187.0,171.0,303.0
160,443.0,415.0,188.0,170.0,304.0
161,442.0,413.0,187.0,169.0,302.0
162,442.0,413.0,187.0,168.0,302.0
163,444.0,412.0,187.0,168.0,302.0
164,444.0,412.0,186.0,167.0,302.0
165,442.0,412.0,186.0,168.0,302.0
166,441.0,411.0,186.0,168.0,301.0
167,442.0,412.0,188.0,168.0,302.0
168,445.0,412.0,187.0,167.0,302.0
169,443.0,411.0,186.0,165.0,301.0
170,444.0,412.0,186.0,164.0,301.0
171,444.0,412.0,185.0,164.0,301.0
172,445.0,412.0,185.0,164.0,301.0
173,446.0,413.0,186.0,163.0,302.0
174,446.0,415.0,190.0,171.0,305.0
175,454.0,420.0,200.0,178.0,313.0
176,449.0,418.0,191.0,168.0,306.0
177,447.0,413.0,189.0,172.0,305.0
178,444.0,408.0,183.0,165.0,300.0
179,444.0,411.0,186.0,167.0,302.0
180,445.0,410.0,186.0,164.0,301.0
181,445.0,416.0,195.0,185.0,310.0
182,466.0,437.0,218.0,214.0,333.0
183,469.0,441.0,226.0,219.0,338.0
184,495.0,451.0,256.0,215.0,354.0
185,503.0,452.0,262.0,233.0,362.0
186,500.0,473.0,269.0,233.0,368.0
187,502.0,475.0,259.0,248.0,371.0
188,510.0,471.0,250.0,245.0,369.0
189,495.0,467.0,253.0,239.0,363.0
190,493.0,462.0,255.0,244.0,363.0
191,496.0,462.0,254.0,241.0,363.0
192,496.0,463.0,253.0,241.0,363.0
193,495.0,463.0,255.0,243.0,364.0
194,497.0,464.0,254.0,242.0,364.0
195,493.0,461.0,253.0,240.0,361.0
196,496.0,466.0,257.0,244.0,365.0
197,498.0,467.0,258.0,243.0,366.0
198,496.0,465.0,257.0,243.0,365.0
199,496.0,463.0,258.0,246.0,365.0
200,497.0,465.0,257.0,246.0,366.0
201,498.0,465.0,258.0,244.0,366.0
202,497.0,463.0,256.0,242.0,364.0
203,496.0,461.0,253.0,240.0,362.0
204,494.0,460.0,252.0,239.0,361.0
205,494.0,460.0,252.0,238.0,361.0
206,493.0,459.0,251.0,237.0,360.0
207,492.0,459.0,251.0,238.0,360.0
208,494.0,461.0,253.0,240.0,362.0
209,495.0,461.0,253.0,239.0,362.0
210,493.0,458.0,250.0,236.0,359.0
211,493.0,457.0,248.0,234.0,358.0
212,491.0,457.0,248.0,236.0,358.0
213,491.0,457.0,248.0,235.0,357.0
214,491.0,457.0,248.0,234.0,357.0
215,491.0,457.0,248.0,236.0,358.0
216,491.0,457.0,248.0,236.0,358.0
217,491.0,457.0,248.0,235.0,357.0
218,491.0,457.0,248.0,235.0,357.0
219,491.0,457.0,248.0,235.0,357.0
220,491.0,457.0,249.0,235.0,358.0
221,490.0,456.0,246.0,233.0,356.0
222,490.0,455.0,245.0,233.0,355.0
223,489.0,455.0,245.0,233.0,355.0
224,490.0,455.0,246.0,233.0,356.0
225,489.0,455.0,245.0,232.0,355.0
226,491.0,455.0,245.0,233.0,356.0
227,490.0,455.0,245.0,233.0,355.0
228,490.0,455.0,245.0,234.0,356.0
229,491.0,456.0,246.0,234.0,356.0
230,492.0,457.0,247.0,233.0,357.0
231,492.0,458.0,249.0,232.0,357.0
232,492.0,456.0,247.0,230.0,356.0
233,492.0,456.0,247.0,231.0,356.0
234,492.0,457.0,247.0,230.0,356.0
235,492.0,456.0,247.0,231.0,356.0
236,492.0,457.0,247.0,230.0,356.0
237,492.0,457.0,247.0,230.0,356.0
238,492.0,457.0,247.0,231.0,356.0
239,493.0,456.0,248.0,232.0,357.0
240,494.0,457.0,249.0,234.0,358.0
241,494.0,457.0,249.0,233.0,358.0
242,494.0,457.0,250.0,233.0,358.0
243,494.0,457.0,250.0,233.0,358.0
244,493.0,457.0,250.0,233.0,358.0
245,495.0,457.0,251.0,233.0,359.0
246,493.0,458.0,251.0,233.0,358.0
247,493.0,457.0,250.0,232.0,358.0
248,493.0,457.0,250.0,232.0,358.0
249,492.0,457.0,250.0,232.0,357.0
250,492.0,458.0,250.0,232.0,358.0
251,493.0,458.0,250.0,231.0,358.0
252,493.0,457.0,250.0,232.0,358.0
253,492.0,458.0,250.0,232.0,358.0
254,493.0,458.0,250.0,232.0,358.0
255,492.0,458.0,249.0,231.0,357.0
256,492.0,458.0,249.0,231.0,357.0
257,491.0,457.0,248.0,230.0,356.0
258,491.0,458.0,248.0,230.0,356.0
259,490.0,457.0,248.0,230.0,356.0
260,490.0,457.0,248.0,229.0,356.0
261,490.0,457.0,247.0,230.0,356.0
262,490.0,457.0,247.0,230.0,356.0
263,489.0,457.0,247.0,230.0,355.0
264,489.0,457.0,248.0,230.0,356.0
265,489.0,456.0,247.0,227.0,354.0
266,488.0,456.0,247.0,228.0,354.0
267,488.0,456.0,246.0,227.0,354.0
268,488.0,456.0,245.0,226.0,353.0
269,488.0,455.0,245.0,225.0,353.0
270,487.0,455.0,245.0,224.0,352.0
271,487.0,456.0,247.0,226.0,354.0
272,490.0,464.0,251.0,226.0,357.0
273,487.0,457.0,244.0,220.0,352.0
274,485.0,454.0,243.0,220.0,350.0
275,485.0,454.0,242.0,220.0,350.0
276,485.0,454.0,242.0,220.0,350.0
277,484.0,453.0,242.0,220.0,349.0
278,484.0,453.0,242.0,218.0,349.0
279,484.0,453.0,241.0,219.0,349.0
280,484.0,453.0,242.0,220.0,349.0
281,484.0,453.0,241.0,220.0,349.0
282,485.0,453.0,242.0,221.0,350.0
283,485.0,453.0,243.0,221.0,350.0
284,485.0,453.0,243.0,221.0,350.0
285,487.0,453.0,244.0,221.0,351.0
286,486.0,453.0,244.0,222.0,351.0
287,486.0,453.0,244.0,221.0,351.0
288,485.0,453.0,244.0,222.0,351.0
289,486.0,453.0,244.0,222.0,351.0
290,485.0,453.0,244.0,221.0,350.0
291,486.0,453.0,245.0,222.0,351.0
292,486.0,454.0,245.0,222.0,351.0
293,486.0,454.0,245.0,222.0,351.0
294,486.0,452.0,243.0,220.0,350.0
295,485.0,453.0,243.0,221.0,350.0
296,486.0,453.0,244.0,220.0,350.0
297,486.0,453.0,244.0,220.0,350.0
298,486.0,453.0,244.0,221.0,351.0
299,487.0,454.0,244.0,220.0,351.0
300,486.0,454.0,245.0,220.0,351.0
301,486.0,454.0,245.0,221.0,351.0
302,486.0,454.0,245.0,221.0,351.0
303,486.0,454.0,246.0,221.0,351.0
304,487.0,454.0,245.0,221.0,351.0
305,487.0,454.0,245.0,221.0,351.0
306,486.0,454.0,245.0,221.0,351.0
307,486.0,454.0,246.0,221.0,351.0
308,486.0,454.0,245.0,221.0,351.0
309,487.0,454.0,245.0,221.0,351.0
310,486.0,454.0,246.0,221.0,351.0
311,486.0,453.0,244.0,220.0,350.0
312,486.0,453.0,244.0,220.0,350.0
313,486.0,453.0,243.0,220.0,350.0
314,486.0,453.0,243.0,220.0,350.0
315,486.0,453.0,243.0,221.0,350.0
316,486.0,453.0,244.0,221.0,351.0
317,486.0,453.0,244.0,221.0,351.0
318,486.0,453.0,244.0,222.0,351.0
319,487.0,453.0,244.0,223.0,351.0
320,486.0,452.0,244.0,223.0,351.0
321,486.0,452.0,244.0,223.0,351.0
322,486.0,452.0,244.0,224.0,351.0
323,486.0,452.0,243.0,224.0,351.0
324,487.0,452.0,243.0,225.0,351.0
325,488.0,452.0,245.0,225.0,352.0
326,487.0,452.0,243.0,225.0,351.0
327,487.0,452.0,243.0,224.0,351.0
328,488.0,452.0,243.0,224.0,351.0
329,489.0,452.0,243.0,224.0,352.0
330,488.0,452.0,244.0,224.0,352.0
331,489.0,452.0,244.0,225.0,352.0
332,488.0,452.0,245.0,224.0,352.0
333,489.0,452.0,244.0,224.0,352.0
334,488.0,452.0,245.0,224.0,352.0
335,489.0,452.0,244.0,224.0,352.0
336,488.0,452.0,244.0,224.0,352.0
337,489.0,452.0,245.0,224.0,352.0
338,489.0,451.0,245.0,224.0,352.0
339,490.0,452.0,244.0,224.0,352.0
340,489.0,451.0,244.0,224.0,352.0
341,489.0,451.0,244.0,224.0,352.0
342,489.0,451.0,244.0,224.0,352.0
343,489.0,451.0,244.0,224.0,352.0
344,489.0,451.0,244.0,224.0,352.0
345,489.0,451.0,243.0,223.0,351.0
346,489.0,451.0,243.0,224.0,351.0
347,490.0,451.0,244.0,224.0,352.0
348,489.0,451.0,244.0,224.0,352.0
349,490.0,451.0,244.0,224.0,352.0
350,490.0,451.0,244.0,224.0,352.0
351,490.0,451.0,244.0,224.0,352.0
352,490.0,452.0,245.0,224.0,352.0
353,489.0,451.0,245.0,224.0,352.0
354,489.0,452.0,244.0,224.0,352.0
355,489.0,451.0,244.0,224.0,352.0
356,489.0,451.0,244.0,224.0,352.0
357,489.0,451.0,244.0,224.0,352.0
358,489.0,451.0,244.0,224.0,352.0
359,489.0,451.0,244.0,224.0,352.0
360,489.0,451.0,244.0,223.0,351.0
361,490.0,451.0,244.0,224.0,352.0
362,490.0,452.0,244.0,224.0,352.0
363,489.0,452.0,245.0,224.0,352.0
364,489.0,451.0,245.0,223.0,352.0
365,489.0,451.0,244.0,223.0,351.0
366,489.0,451.0,244.0,223.0,351.0
367,488.0,451.0,244.0,222.0,351.0
368,488.0,451.0,244.0,223.0,351.0
369,489.0,451.0,244.0,222.0,351.0
370,489.0,450.0,245.0,222.0,351.0
371,489.0,450.0,245.0,222.0,351.0
372,490.0,450.0,244.0,223.0,351.0
373,489.0,449.0,244.0,223.0,351.0
374,489.0,449.0,243.0,223.0,351.0
375,489.0,449.0,243.0,223.0,351.0
376,489.0,450.0,243.0,222.0,351.0
377,489.0,450.0,243.0,222.0,351.0
378,489.0,450.0,243.0,223.0,351.0
379,489.0,450.0,243.0,222.0,351.0
380,489.0,450.0,243.0,223.0,351.0
381,489.0,451.0,243.0,222.0,351.0
382,489.0,450.0,243.0,222.0,351.0
383,489.0,450.0,243.0,222.0,351.0
384,489.0,450.0,242.0,222.0,350.0
385,490.0,450.0,242.0,222.0,351.0
386,490.0,450.0,241.0,222.0,350.0
387,491.0,450.0,242.0,223.0,351.0
388,490.0,450.0,242.0,222.0,351.0
389,490.0,450.0,242.0,223.0,351.0
390,490.0,450.0,242.0,222.0,351.0
391,490.0,450.0,242.0,222.0,351.0
392,490.0,451.0,242.0,222.0,351.0
393,490.0,450.0,242.0,222.0,351.0
394,490.0,451.0,242.0,221.0,351.0
395,489.0,451.0,243.0,222.0,351.0
396,489.0,451.0,242.0,222.0,351.0
397,489.0,451.0,243.0,221.0,351.0
398,489.0,450.0,242.0,220.0,350.0
399,489.0,451.0,243.0,221.0,351.0
400,489.0,450.0,242.0,221.0,350.0
401,489.0,450.0,241.0,220.0,350.0
402,489.0,450.0,242.0,221.0,350.0
403,489.0,450.0,242.0,221.0,350.0
404,489.0,450.0,242.0,221.0,350.0
405,489.0,450.0,242.0,221.0,350.0
406,489.0,450.0,242.0,221.0,350.0
407,490.0,449.0,242.0,222.0,350.0
408,490.0,450.0,243.0,222.0,351.0
409,491.0,450.0,242.0,222.0,351.0
410,490.0,450.0,243.0,222.0,351.0
411,490.0,450.0,242.0,222.0,351.0
412,490.0,450.0,242.0,222.0,351.0
413,490.0,449.0,243.0,222.0,351.0
414,491.0,449.0,242.0,222.0,351.0
415,490.0,450.0,242.0,222.0,351.0
416,490.0,450.0,242.0,222.0,351.0
417,490.0,450.0,242.0,222.0,351.0
418,492.0,450.0,242.0,222.0,351.0
419,492.0,450.0,242.0,222.0,351.0
420,491.0,451.0,242.0,222.0,351.0
421,491.0,451.0,243.0,222.0,351.0
422,491.0,452.0,243.0,222.0,352.0
423,491.0,452.0,243.0,223.0,352.0
424,493.0,454.0,248.0,228.0,355.0
425,495.0,456.0,249.0,227.0,356.0
426,495.0,455.0,248.0,225.0,355.0
427,494.0,456.0,247.0,225.0,355.0
428,493.0,455.0,247.0,225.0,355.0
429,494.0,455.0,247.0,225.0,355.0
430,493.0,455.0,247.0,225.0,355.0
431,494.0,455.0,247.0,225.0,355.0
432,494.0,455.0,247.0,228.0,356.0
433,494.0,455.0,246.0,225.0,355.0
434,494.0,455.0,246.0,224.0,354.0
435,494.0,455.0,246.0,224.0,354.0
436,494.0,455.0,247.0,225.0,355.0
437,494.0,456.0,246.0,224.0,355.0
438,494.0,456.0,246.0,225.0,355.0
439,496.0,456.0,246.0,223.0,355.0
440,494.0,455.0,245.0,223.0,354.0
441,494.0,455.0,246.0,222.0,354.0
442,493.0,454.0,244.0,222.0,353.0
443,493.0,455.0,245.0,222.0,353.0
444,493.0,455.0,245.0,223.0,354.0
445,493.0,455.0,245.0,223.0,354.0
446,493.0,454.0,244.0,223.0,353.0
447,492.0,454.0,244.0,222.0,353.0
448,492.0,453.0,244.0,222.0,352.0
449,492.0,453.0,244.0,222.0,352.0
450,493.0,456.0,247.0,222.0,354.0
451,493.0,453.0,245.0,223.0,353.0
452,494.0,453.0,243.0,222.0,353.0
453,494.0,454.0,247.0,225.0,355.0
454,495.0,457.0,250.0,227.0,357.0
455,496.0,456.0,249.0,226.0,356.0
456,497.0,456.0,248.0,224.0,356.0
457,495.0,455.0,247.0,224.0,355.0
458,495.0,455.0,246.0,224.0,355.0
459,495.0,454.0,245.0,224.0,354.0
460,494.0,454.0,246.0,224.0,354.0
461,494.0,454.0,246.0,224.0,354.0
462,494.0,454.0,245.0,222.0,353.0
463,494.0,453.0,244.0,222.0,353.0
464,493.0,453.0,244.0,222.0,353.0
465,493.0,452.0,244.0,222.0,352.0
466,493.0,452.0,243.0,222.0,352.0
467,493.0,452.0,243.0,221.0,352.0
468,492.0,452.0,243.0,220.0,351.0
469,492.0,453.0,244.0,221.0,352.0
470,492.0,452.0,244.0,220.0,352.0
471,492.0,452.0,243.0,220.0,351.0
472,492.0,452.0,243.0,220.0,351.0
473,491.0,452.0,243.0,220.0,351.0
474,492.0,452.0,242.0,220.0,351.0
475,491.0,453.0,243.0,220.0,351.0
476,491.0,452.0,242.0,220.0,351.0
477,492.0,452.0,242.0,220.0,351.0
478,493.0,452.0,242.0,220.0,351.0
479,492.0,452.0,242.0,220.0,351.0
480,491.0,452.0,243.0,220.0,351.0
481,491.0,452.0,243.0,220.0,351.0
482,492.0,453.0,243.0,220.0,352.0
483,493.0,453.0,243.0,220.0,352.0
484,491.0,453.0,243.0,220.0,351.0
485,492.0,453.0,242.0,220.0,351.0
486,492.0,452.0,242.0,220.0,351.0
487,492.0,452.0,242.0,220.0,351.0
488,491.0,452.0,243.0,221.0,351.0
489,492.0,452.0,243.0,221.0,352.0
490,492.0,452.0,243.0,221.0,352.0
491,493.0,452.0,243.0,222.0,352.0
492,493.0,452.0,244.0,222.0,352.0
493,494.0,452.0,244.0,223.0,353.0
494,495.0,453.0,246.0,223.0,354.0
495,495.0,454.0,245.0,223.0,354.0
496,494.0,453.0,246.0,223.0,354.0
497,494.0,454.0,247.0,223.0,354.0
498,495.0,454.0,247.0,223.0,354.0
499,494.0,454.0,247.0,223.0,354.0
500,494.0,454.0,247.0,223.0,354.0
501,494.0,454.0,247.0,222.0,354.0
502,494.0,454.0,246.0,222.0,354.0
503,494.0,453.0,246.0,222.0,353.0
504,494.0,454.0,246.0,222.0,354.0
505,493.0,453.0,245.0,221.0,353.0
506,493.0,453.0,245.0,221.0,353.0
507,493.0,452.0,244.0,221.0,352.0
508,494.0,452.0,244.0,221.0,352.0
509,494.0,452.0,243.0,220.0,352.0
510,495.0,451.0,244.0,220.0,352.0
511,493.0,451.0,243.0,219.0,351.0
512,493.0,451.0,244.0,220.0,352.0
513,492.0,452.0,244.0,220.0,352.0
514,492.0,452.0,243.0,219.0,351.0
515,493.0,451.0,243.0,218.0,351.0
516,493.0,451.0,242.0,218.0,351.0
517,495.0,451.0,242.0,219.0,351.0
518,493.0,451.0,242.0,219.0,351.0
519,493.0,450.0,241.0,218.0,350.0
520,492.0,450.0,240.0,218.0,350.0
521,491.0,450.0,240.0,218.0,349.0
522,492.0,450.0,240.0,217.0,349.0
523,490.0,450.0,240.0,217.0,349.0
524,492.0,450.0,240.0,217.0,349.0
525,491.0,450.0,240.0,217.0,349.0
526,492.0,449.0,240.0,217.0,349.0
527,491.0,449.0,240.0,222.0,350.0
528,491.0,449.0,240.0,217.0,349.0
529,490.0,449.0,240.0,218.0,349.0
530,491.0,449.0,240.0,223.0,350.0
531,491.0,449.0,240.0,218.0,349.0
532,490.0,449.0,240.0,218.0,349.0
533,491.0,449.0,239.0,217.0,349.0
534,492.0,448.0,239.0,218.0,349.0
535,492.0,448.0,240.0,218.0,349.0
536,492.0,449.0,240.0,218.0,349.0
537,492.0,449.0,240.0,218.0,349.0
538,492.0,449.0,240.0,217.0,349.0
539,492.0,449.0,240.0,217.0,349.0
540,492.0,449.0,240.0,218.0,349.0
541,492.0,449.0,240.0,218.0,349.0
542,492.0,449.0,240.0,217.0,349.0
543,492.0,448.0,239.0,217.0,349.0
544,492.0,448.0,239.0,217.0,349.0
545,493.0,448.0,238.0,217.0,349.0
546,492.0,448.0,238.0,217.0,348.0
547,492.0,448.0,239.0,217.0,349.0
548,493.0,449.0,240.0,217.0,349.0
549,493.0,449.0,240.0,221.0,350.0
550,493.0,448.0,239.0,217.0,349.0
551,493.0,449.0,239.0,217.0,349.0
552,493.0,449.0,239.0,217.0,349.0
553,492.0,448.0,239.0,217.0,349.0
554,493.0,449.0,239.0,217.0,349.0
555,493.0,449.0,239.0,217.0,349.0
556,494.0,449.0,239.0,217.0,349.0
557,493.0,449.0,239.0,217.0,349.0
558,493.0,449.0,240.0,218.0,350.0
559,494.0,450.0,240.0,218.0,350.0
560,494.0,450.0,241.0,219.0,351.0
561,494.0,451.0,241.0,219.0,351.0
562,494.0,451.0,242.0,224.0,352.0
563,494.0,451.0,241.0,219.0,351.0
564,494.0,452.0,242.0,223.0,352.0
565,494.0,452.0,242.0,219.0,351.0
566,494.0,452.0,242.0,219.0,351.0
567,494.0,451.0,242.0,220.0,351.0
568,494.0,452.0,243.0,221.0,352.0
569,495.0,452.0,244.0,222.0,353.0
570,495.0,452.0,244.0,222.0,353.0
571,495.0,452.0,245.0,223.0,353.0
572,496.0,452.0,245.0,223.0,354.0
573,497.0,452.0,244.0,222.0,353.0
574,497.0,451.0,244.0,222.0,353.0
575,496.0,452.0,244.0,221.0,353.0
576,496.0,451.0,244.0,221.0,353.0
577,497.0,451.0,244.0,221.0,353.0
578,497.0,451.0,244.0,221.0,353.0
579,495.0,451.0,243.0,221.0,352.0
580,495.0,451.0,243.0,220.0,352.0
581,497.0,451.0,243.0,221.0,353.0
582,497.0,450.0,242.0,220.0,352.0
583,496.0,450.0,242.0,220.0,352.0
584,497.0,450.0,242.0,220.0,352.0
585,496.0,450.0,242.0,220.0,352.0
586,496.0,450.0,242.0,220.0,352.0
587,496.0,450.0,242.0,220.0,352.0
588,497.0,451.0,243.0,220.0,352.0
589,496.0,450.0,242.0,220.0,352.0
590,495.0,450.0,242.0,220.0,351.0
591,495.0,450.0,242.0,220.0,351.0
592,495.0,450.0,242.0,220.0,351.0
593,495.0,450.0,241.0,220.0,351.0
594,496.0,450.0,241.0,220.0,351.0
595,496.0,450.0,241.0,219.0,351.0
596,495.0,450.0,241.0,219.0,351.0
597,495.0,451.0,242.0,220.0,352.0
598,495.0,450.0,241.0,219.0,351.0
599,494.0,450.0,241.0,219.0,351.0
600,495.0,450.0,241.0,219.0,351.0
601,495.0,450.0,241.0,219.0,351.0
602,494.0,450.0,241.0,219.0,351.0
603,494.0,450.0,241.0,219.0,351.0
604,494.0,450.0,240.0,218.0,350.0
605,495.0,450.0,240.0,218.0,350.0
606,495.0,450.0,240.0,218.0,350.0
607,494.0,450.0,240.0,218.0,350.0
608,495.0,450.0,240.0,219.0,351.0
609,495.0,450.0,240.0,218.0,350.0
610,494.0,450.0,240.0,218.0,350.0
611,494.0,449.0,241.0,219.0,350.0
612,495.0,449.0,240.0,219.0,350.0
613,495.0,449.0,240.0,219.0,350.0
614,495.0,449.0,241.0,220.0,351.0
615,495.0,449.0,241.0,219.0,351.0
616,495.0,449.0,241.0,219.0,351.0
617,495.0,449.0,241.0,219.0,351.0
618,495.0,449.0,241.0,219.0,351.0
619,495.0,449.0,241.0,219.0,351.0
620,495.0,449.0,241.0,220.0,351.0
621,495.0,449.0,241.0,219.0,351.0
622,495.0,449.0,241.0,219.0,351.0
623,495.0,449.0,240.0,219.0,350.0
624,495.0,449.0,240.0,218.0,350.0
625,495.0,449.0,241.0,218.0,350.0
626,495.0,449.0,241.0,219.0,351.0
627,494.0,449.0,242.0,218.0,350.0
628,494.0,449.0,242.0,219.0,351.0
629,494.0,449.0,242.0,218.0,350.0
630,494.0,449.0,242.0,218.0,350.0
631,493.0,449.0,242.0,218.0,350.0
632,493.0,449.0,242.0,218.0,350.0
633,493.0,449.0,242.0,218.0,350.0
634,493.0,449.0,242.0,219.0,350.0
635,494.0,449.0,242.0,218.0,350.0
636,494.0,449.0,242.0,218.0,350.0
637,494.0,449.0,242.0,218.0,350.0
638,494.0,449.0,242.0,218.0,350.0
639,494.0,449.0,241.0,218.0,350.0
640,493.0,449.0,242.0,218.0,350.0
641,494.0,449.0,243.0,218.0,351.0
642,494.0,449.0,242.0,218.0,350.0
643,494.0,449.0,242.0,219.0,351.0
644,494.0,449.0,242.0,218.0,350.0
645,494.0,449.0,242.0,218.0,350.0
646,494.0,449.0,242.0,218.0,350.0
647,494.0,449.0,242.0,218.0,350.0
648,494.0,449.0,242.0,218.0,350.0
649,494.0,449.0,242.0,218.0,350.0
650,494.0,449.0,242.0,218.0,350.0
651,494.0,448.0,241.0,218.0,350.0
652,494.0,448.0,241.0,218.0,350.0
653,494.0,448.0,241.0,218.0,350.0
654,493.0,448.0,242.0,218.0,350.0
655,493.0,448.0,243.0,219.0,350.0
656,493.0,448.0,243.0,219.0,350.0
657,493.0,448.0,243.0,218.0,350.0
658,493.0,448.0,243.0,220.0,351.0
659,493.0,448.0,242.0,219.0,350.0
660,493.0,448.0,243.0,219.0,350.0
661,493.0,448.0,242.0,219.0,350.0
662,493.0,448.0,243.0,219.0,350.0
663,494.0,448.0,242.0,218.0,350.0
664,493.0,448.0,242.0,219.0,350.0
665,494.0,448.0,242.0,218.0,350.0
666,494.0,448.0,242.0,219.0,350.0
667,494.0,448.0,242.0,218.0,350.0
668,493.0,448.0,242.0,218.0,350.0
669,493.0,448.0,243.0,218.0,350.0
670,493.0,449.0,242.0,218.0,350.0
671,493.0,448.0,242.0,219.0,350.0
672,494.0,448.0,242.0,218.0,350.0
673,494.0,448.0,242.0,218.0,350.0
674,494.0,448.0,242.0,218.0,350.0
675,494.0,448.0,242.0,218.0,350.0
676,494.0,448.0,242.0,217.0,350.0
677,494.0,448.0,242.0,218.0,350.0
678,494.0,448.0,241.0,218.0,350.0
679,494.0,448.0,241.0,218.0,350.0
680,494.0,448.0,241.0,218.0,350.0
681,494.0,448.0,241.0,218.0,350.0
682,494.0,448.0,242.0,218.0,350.0
683,494.0,448.0,240.0,217.0,349.0
684,493.0,448.0,241.0,217.0,349.0
685,493.0,448.0,240.0,217.0,349.0
686,494.0,448.0,240.0,217.0,349.0
687,494.0,448.0,240.0,217.0,349.0
688,494.0,448.0,240.0,217.0,349.0
689,494.0,448.0,240.0,217.0,349.0
690,494.0,448.0,240.0,217.0,349.0
691,494.0,448.0,240.0,217.0,349.0
692,495.0,448.0,240.0,217.0,350.0
693,495.0,448.0,240.0,216.0,349.0
694,494.0,448.0,241.0,217.0,350.0
695,494.0,448.0,240.0,217.0,349.0
696,495.0,447.0,240.0,217.0,349.0
697,495.0,447.0,240.0,217.0,349.0
698,496.0,447.0,240.0,217.0,350.0
699,495.0,447.0,239.0,217.0,349.0
700,495.0,447.0,239.0,216.0,349.0
701,495.0,447.0,240.0,217.0,349.0
702,495.0,447.0,240.0,217.0,349.0
703,495.0,447.0,240.0,217.0,349.0
704,496.0,448.0,240.0,217.0,350.0
705,496.0,448.0,240.0,217.0,350.0
706,496.0,448.0,242.0,217.0,350.0
707,496.0,449.0,241.0,218.0,351.0
708,496.0,449.0,241.0,217.0,350.0
709,496.0,448.0,241.0,218.0,350.0
710,496.0,448.0,241.0,218.0,350.0
711,497.0,448.0,240.0,217.0,350.0
712,496.0,448.0,241.0,218.0,350.0
713,496.0,449.0,241.0,218.0,351.0
714,496.0,449.0,242.0,218.0,351.0
715,496.0,449.0,241.0,218.0,351.0
716,496.0,449.0,241.0,218.0,351.0
717,496.0,449.0,241.0,218.0,351.0
718,496.0,450.0,244.0,220.0,352.0
719,497.0,450.0,243.0,220.0,352.0
720,498.0,452.0,245.0,222.0,354.0
721,499.0,452.0,246.0,222.0,354.0
722,499.0,452.0,245.0,222.0,354.0
723,499.0,452.0,246.0,222.0,354.0
724,500.0,453.0,246.0,222.0,355.0
725,500.0,453.0,245.0,222.0,355.0
726,499.0,453.0,246.0,224.0,355.0
727,501.0,455.0,248.0,227.0,357.0
728,501.0,454.0,246.0,223.0,356.0
729,500.0,454.0,246.0,223.0,355.0
730,500.0,454.0,247.0,224.0,356.0
731,500.0,454.0,247.0,223.0,356.0
732,500.0,454.0,248.0,224.0,356.0
733,501.0,455.0,248.0,224.0,357.0
734,500.0,455.0,248.0,224.0,356.0
735,500.0,455.0,247.0,224.0,356.0
736,500.0,454.0,246.0,224.0,356.0
737,500.0,454.0,248.0,225.0,356.0
738,500.0,454.0,248.0,225.0,356.0
739,501.0,454.0,248.0,225.0,357.0
740,501.0,454.0,248.0,226.0,357.0
741,501.0,454.0,247.0,224.0,356.0
742,500.0,453.0,247.0,225.0,356.0
743,501.0,454.0,248.0,225.0,357.0
744,501.0,454.0,249.0,225.0,357.0
745,502.0,455.0,249.0,225.0,357.0
746,501.0,455.0,249.0,227.0,358.0
747,503.0,457.0,253.0,229.0,360.0
748,505.0,457.0,253.0,231.0,361.0
749,505.0,458.0,252.0,231.0,361.0
750,505.0,457.0,251.0,229.0,360.0
751,504.0,456.0,250.0,227.0,359.0
752,504.0,456.0,250.0,227.0,359.0
753,503.0,456.0,250.0,228.0,359.0
754,504.0,456.0,250.0,228.0,359.0
755,503.0,456.0,249.0,228.0,359.0
756,503.0,455.0,249.0,227.0,358.0
757,503.0,456.0,249.0,227.0,358.0
758,502.0,455.0,249.0,227.0,358.0
759,503.0,455.0,248.0,224.0,357.0
760,501.0,453.0,245.0,224.0,355.0
761,501.0,453.0,245.0,224.0,355.0
762,501.0,453.0,245.0,224.0,355.0
763,501.0,453.0,245.0,224.0,355.0
764,501.0,453.0,245.0,224.0,355.0
765,501.0,453.0,245.0,224.0,355.0
766,502.0,453.0,245.0,224.0,356.0
767,502.0,453.0,244.0,224.0,355.0
768,502.0,453.0,245.0,224.0,356.0
769,501.0,453.0,244.0,224.0,355.0
770,501.0,453.0,244.0,224.0,355.0
771,500.0,453.0,244.0,223.0,355.0
772,500.0,452.0,243.0,223.0,354.0
773,500.0,452.0,243.0,223.0,354.0
774,501.0,452.0,243.0,224.0,355.0
775,500.0,452.0,243.0,223.0,354.0
776,500.0,452.0,243.0,223.0,354.0
777,500.0,452.0,243.0,223.0,354.0
778,500.0,452.0,244.0,223.0,354.0
779,499.0,452.0,244.0,224.0,354.0
780,499.0,452.0,244.0,224.0,354.0
781,499.0,452.0,244.0,224.0,354.0
782,499.0,452.0,244.0,224.0,354.0
783,499.0,451.0,244.0,224.0,354.0
784,499.0,451.0,245.0,224.0,354.0
785,499.0,452.0,244.0,223.0,354.0
786,499.0,452.0,244.0,224.0,354.0
787,502.0,452.0,245.0,225.0,356.0
788,499.0,452.0,245.0,224.0,355.0
789,505.0,452.0,244.0,224.0,356.0
790,499.0,452.0,245.0,224.0,355.0
791,499.0,452.0,245.0,224.0,355.0
792,499.0,452.0,245.0,224.0,355.0
793,499.0,452.0,245.0,224.0,355.0
794,505.0,452.0,245.0,224.0,356.0
795,500.0,452.0,245.0,224.0,355.0
796,499.0,452.0,245.0,223.0,354.0
797,498.0,452.0,245.0,224.0,354.0
798,498.0,452.0,245.0,224.0,354.0
799,498.0,452.0,245.0,224.0,354.0
800,499.0,452.0,244.0,224.0,354.0
801,498.0,452.0,244.0,224.0,354.0
802,499.0,452.0,244.0,224.0,354.0
803,499.0,452.0,244.0,224.0,354.0
804,505.0,452.0,244.0,224.0,356.0
805,500.0,452.0,244.0,224.0,355.0
806,500.0,452.0,244.0,224.0,355.0
807,510.0,452.0,244.0,230.0,359.0
808,499.0,452.0,244.0,224.0,354.0
809,510.0,452.0,244.0,224.0,357.0
810,500.0,452.0,244.0,224.0,355.0
811,501.0,451.0,243.0,226.0,355.0
812,501.0,452.0,243.0,224.0,355.0
813,500.0,452.0,244.0,224.0,355.0
814,500.0,452.0,243.0,224.0,354.0
815,500.0,452.0,244.0,223.0,354.0
816,500.0,452.0,244.0,230.0,356.0
817,500.0,452.0,244.0,224.0,355.0
818,500.0,452.0,243.0,223.0,354.0
819,500.0,452.0,244.0,223.0,354.0
820,500.0,452.0,244.0,223.0,354.0
821,500.0,451.0,244.0,224.0,354.0
822,501.0,451.0,244.0,224.0,355.0
823,501.0,451.0,244.0,224.0,355.0
824,501.0,451.0,244.0,224.0,355.0
825,501.0,451.0,244.0,224.0,355.0
826,501.0,451.0,244.0,224.0,355.0
827,501.0,451.0,245.0,228.0,356.0
828,501.0,451.0,244.0,224.0,355.0
829,501.0,451.0,244.0,223.0,354.0
830,501.0,451.0,244.0,223.0,354.0
831,501.0,451.0,244.0,224.0,355.0
832,501.0,451.0,244.0,223.0,354.0
833,501.0,451.0,244.0,223.0,354.0
834,516.0,451.0,244.0,225.0,359.0
835,502.0,452.0,244.0,223.0,355.0
836,500.0,452.0,244.0,223.0,354.0
837,500.0,452.0,244.0,230.0,356.0
838,500.0,452.0,244.0,223.0,354.0
839,500.0,451.0,244.0,223.0,354.0
840,500.0,451.0,244.0,222.0,354.0
841,500.0,451.0,244.0,222.0,354.0
842,500.0,451.0,244.0,223.0,354.0
843,500.0,451.0,244.0,222.0,354.0
844,500.0,451.0,244.0,222.0,354.0
845,500.0,451.0,243.0,223.0,354.0
846,500.0,451.0,243.0,222.0,354.0
847,500.0,451.0,243.0,222.0,354.0
848,500.0,451.0,243.0,222.0,354.0
849,500.0,452.0,243.0,222.0,354.0
850,498.0,450.0,241.0,220.0,352.0
851,498.0,450.0,241.0,220.0,352.0
852,499.0,450.0,241.0,220.0,352.0
853,498.0,450.0,241.0,220.0,352.0
854,498.0,450.0,241.0,220.0,352.0
855,499.0,450.0,241.0,220.0,352.0
856,498.0,450.0,241.0,220.0,352.0
857,498.0,451.0,241.0,220.0,352.0
858,498.0,451.0,241.0,220.0,352.0
859,498.0,452.0,241.0,220.0,352.0
860,498.0,451.0,241.0,220.0,352.0
861,498.0,451.0,241.0,220.0,352.0
862,498.0,451.0,241.0,220.0,352.0
863,498.0,450.0,241.0,220.0,352.0
864,498.0,450.0,242.0,221.0,352.0
865,498.0,450.0,242.0,221.0,352.0
866,498.0,451.0,242.0,225.0,354.0
867,498.0,450.0,242.0,221.0,352.0
868,499.0,450.0,241.0,221.0,352.0
869,499.0,450.0,242.0,220.0,352.0
870,499.0,450.0,242.0,220.0,352.0
871,499.0,450.0,241.0,220.0,352.0
872,499.0,451.0,241.0,221.0,353.0
873,499.0,451.0,242.0,220.0,353.0
874,499.0,451.0,242.0,220.0,353.0
875,499.0,451.0,242.0,220.0,353.0
876,499.0,451.0,242.0,221.0,353.0
877,500.0,451.0,242.0,221.0,353.0
878,499.0,451.0,242.0,221.0,353.0
879,499.0,451.0,242.0,221.0,353.0
880,499.0,451.0,242.0,220.0,353.0
881,499.0,451.0,243.0,221.0,353.0
882,498.0,451.0,243.0,221.0,353.0
883,499.0,451.0,242.0,224.0,354.0
884,500.0,451.0,242.0,220.0,353.0
885,499.0,451.0,241.0,220.0,352.0
886,499.0,451.0,242.0,220.0,353.0
887,500.0,451.0,242.0,220.0,353.0
888,500.0,451.0,242.0,221.0,353.0
889,499.0,451.0,242.0,225.0,354.0
890,500.0,452.0,242.0,220.0,353.0
891,499.0,451.0,242.0,221.0,353.0
892,500.0,451.0,242.0,220.0,353.0
893,500.0,451.0,242.0,220.0,353.0
894,499.0,451.0,242.0,220.0,353.0
895,499.0,451.0,242.0,220.0,353.0
896,498.0,451.0,242.0,220.0,352.0
897,498.0,451.0,242.0,219.0,352.0
898,499.0,451.0,241.0,220.0,352.0
899,498.0,451.0,241.0,220.0,352.0
900,499.0,451.0,241.0,219.0,352.0
901,498.0,451.0,241.0,218.0,352.0
902,498.0,451.0,240.0,219.0,352.0
903,498.0,450.0,240.0,219.0,351.0
904,498.0,450.0,241.0,220.0,352.0
905,498.0,450.0,240.0,219.0,351.0
906,497.0,450.0,240.0,220.0,351.0
907,497.0,450.0,241.0,220.0,352.0
908,498.0,450.0,241.0,220.0,352.0
909,498.0,450.0,241.0,220.0,352.0
910,498.0,450.0,241.0,220.0,352.0
911,498.0,450.0,241.0,220.0,352.0
912,498.0,450.0,241.0,220.0,352.0
913,498.0,450.0,241.0,220.0,352.0
914,498.0,450.0,241.0,220.0,352.0
915,505.0,450.0,241.0,219.0,353.0
916,497.0,450.0,241.0,220.0,352.0
917,497.0,450.0,242.0,220.0,352.0
918,497.0,451.0,242.0,222.0,353.0
919,498.0,450.0,241.0,219.0,352.0
920,498.0,450.0,241.0,219.0,352.0
921,497.0,450.0,242.0,220.0,352.0
922,498.0,450.0,241.0,220.0,352.0
923,497.0,450.0,241.0,219.0,351.0
924,497.0,450.0,241.0,219.0,351.0
925,497.0,450.0,241.0,219.0,351.0
926,497.0,450.0,241.0,219.0,351.0
927,497.0,450.0,241.0,219.0,351.0
928,497.0,450.0,241.0,219.0,351.0
929,497.0,450.0,241.0,219.0,351.0
930,497.0,450.0,242.0,219.0,352.0
931,497.0,451.0,242.0,219.0,352.0
932,497.0,451.0,242.0,219.0,352.0
933,498.0,450.0,241.0,220.0,352.0
934,497.0,450.0,241.0,219.0,351.0
935,498.0,450.0,241.0,219.0,352.0
936,498.0,450.0,242.0,219.0,352.0
937,497.0,451.0,241.0,219.0,352.0
938,497.0,451.0,241.0,219.0,352.0
939,497.0,450.0,241.0,219.0,351.0
940,497.0,450.0,241.0,219.0,351.0
941,497.0,450.0,241.0,220.0,352.0
942,497.0,450.0,241.0,219.0,351.0
943,497.0,450.0,242.0,220.0,352.0
944,498.0,451.0,242.0,219.0,352.0
945,497.0,450.0,241.0,219.0,351.0
946,497.0,450.0,241.0,219.0,351.0
947,497.0,450.0,241.0,220.0,352.0
948,498.0,450.0,241.0,219.0,352.0
949,497.0,450.0,241.0,220.0,352.0
950,498.0,449.0,242.0,220.0,352.0
951,497.0,450.0,242.0,220.0,352.0
952,498.0,449.0,241.0,220.0,352.0
953,498.0,449.0,242.0,219.0,352.0
954,498.0,449.0,242.0,219.0,352.0
955,498.0,449.0,242.0,219.0,352.0
956,498.0,449.0,242.0,219.0,352.0
957,497.0,449.0,242.0,219.0,351.0
958,498.0,449.0,242.0,219.0,352.0
959,498.0,450.0,241.0,219.0,352.0
960,498.0,449.0,241.0,219.0,351.0
961,498.0,449.0,242.0,219.0,352.0
962,498.0,449.0,241.0,218.0,351.0
963,498.0,449.0,241.0,220.0,352.0
964,498.0,449.0,241.0,220.0,352.0
965,499.0,449.0,241.0,220.0,352.0
966,498.0,449.0,241.0,220.0,352.0
967,498.0,449.0,241.0,220.0,352.0
968,498.0,449.0,241.0,220.0,352.0
969,498.0,449.0,241.0,220.0,352.0
970,498.0,449.0,241.0,224.0,353.0
971,498.0,450.0,241.0,220.0,352.0
972,498.0,450.0,241.0,220.0,352.0
973,498.0,450.0,241.0,220.0,352.0
974,498.0,450.0,241.0,220.0,352.0
975,498.0,449.0,241.0,220.0,352.0
976,498.0,450.0,241.0,220.0,352.0
977,498.0,450.0,241.0,220.0,352.0
978,498.0,450.0,241.0,220.0,352.0
979,498.0,450.0,241.0,220.0,352.0
980,498.0,450.0,241.0,220.0,352.0
981,498.0,450.0,241.0,220.0,352.0
982,498.0,450.0,241.0,220.0,352.0
983,498.0,450.0,240.0,220.0,352.0
984,498.0,450.0,241.0,220.0,352.0
985,499.0,450.0,240.0,220.0,352.0
986,498.0,450.0,241.0,220.0,352.0
987,499.0,450.0,241.0,220.0,352.0
988,498.0,449.0,240.0,220.0,351.0
989,498.0,449.0,240.0,221.0,352.0
990,499.0,449.0,240.0,220.0,352.0
991,499.0,449.0,241.0,220.0,352.0
992,499.0,449.0,241.0,220.0,352.0
993,499.0,449.0,241.0,220.0,352.0
994,499.0,449.0,241.0,221.0,352.0
995,499.0,449.0,241.0,221.0,352.0
996,499.0,449.0,241.0,221.0,352.0
997,499.0,449.0,241.0,221.0,352.0
998,500.0,449.0,241.0,221.0,352.0
999,500.0,449.0,241.0,227.0,354.0
1000,500.0,449.0,241.0,220.0,352.0
1001,499.0,449.0,242.0,220.0,352.0
1002,499.0,449.0,242.0,220.0,352.0
1003,499.0,449.0,242.0,220.0,352.0
1004,499.0,449.0,241.0,220.0,352.0
1005,499.0,449.0,242.0,220.0,352.0
1006,499.0,449.0,242.0,221.0,352.0
1007,499.0,450.0,242.0,221.0,353.0
1008,499.0,449.0,242.0,220.0,352.0
1009,499.0,450.0,242.0,220.0,352.0
1010,499.0,450.0,242.0,220.0,352.0
1011,500.0,449.0,242.0,220.0,352.0
1012,500.0,449.0,241.0,220.0,352.0
1013,499.0,449.0,241.0,220.0,352.0
1014,499.0,450.0,241.0,220.0,352.0
1015,499.0,449.0,242.0,223.0,353.0
1016,500.0,449.0,242.0,220.0,352.0
1017,501.0,451.0,242.0,220.0,353.0
1018,500.0,450.0,241.0,220.0,352.0
1019,499.0,449.0,242.0,220.0,352.0
1020,500.0,450.0,241.0,220.0,352.0
1021,499.0,449.0,242.0,220.0,352.0
1022,500.0,450.0,242.0,220.0,353.0
1023,499.0,450.0,241.0,220.0,352.0
1024,500.0,450.0,242.0,220.0,353.0
1025,499.0,450.0,241.0,220.0,352.0
1026,499.0,450.0,241.0,220.0,352.0
1027,499.0,450.0,242.0,220.0,352.0
1028,499.0,450.0,241.0,219.0,352.0
1029,499.0,450.0,241.0,220.0,352.0
1030,499.0,450.0,242.0,220.0,352.0
1031,499.0,450.0,242.0,220.0,352.0
1032,499.0,449.0,242.0,221.0,352.0
1033,500.0,449.0,242.0,221.0,353.0
1034,500.0,449.0,242.0,220.0,352.0
1035,500.0,449.0,242.0,221.0,353.0
1036,500.0,449.0,243.0,220.0,353.0
1037,499.0,449.0,243.0,220.0,352.0
1038,499.0,449.0,242.0,221.0,352.0
1039,500.0,449.0,242.0,220.0,352.0
1040,500.0,450.0,243.0,220.0,353.0
1041,499.0,450.0,243.0,220.0,353.0
1042,499.0,450.0,243.0,219.0,352.0
1043,499.0,449.0,243.0,220.0,352.0
1044,500.0,449.0,242.0,219.0,352.0
1045,499.0,449.0,243.0,219.0,352.0
1046,501.0,450.0,242.0,220.0,353.0
1047,500.0,449.0,242.0,220.0,352.0
1048,500.0,449.0,242.0,220.0,352.0
1049,501.0,449.0,242.0,220.0,353.0
1050,500.0,449.0,242.0,220.0,352.0
1051,500.0,449.0,242.0,223.0,353.0
1052,500.0,449.0,242.0,220.0,352.0
1053,500.0,449.0,241.0,220.0,352.0
1054,499.0,449.0,242.0,220.0,352.0
1055,499.0,449.0,242.0,219.0,352.0
1056,499.0,449.0,242.0,219.0,352.0
1057,499.0,449.0,241.0,220.0,352.0
1058,499.0,449.0,241.0,219.0,352.0
1059,499.0,449.0,241.0,220.0,352.0
1060,500.0,449.0,242.0,219.0,352.0
1061,499.0,449.0,242.0,219.0,352.0
1062,499.0,449.0,241.0,219.0,352.0
1063,500.0,449.0,241.0,220.0,352.0
1064,500.0,449.0,241.0,219.0,352.0
1065,500.0,449.0,241.0,219.0,352.0
1066,499.0,448.0,241.0,219.0,351.0
1067,499.0,449.0,242.0,219.0,352.0
1068,499.0,449.0,242.0,219.0,352.0
1069,499.0,449.0,242.0,219.0,352.0
1070,499.0,449.0,242.0,219.0,352.0
1071,498.0,449.0,242.0,220.0,352.0
1072,499.0,448.0,242.0,220.0,352.0
1073,499.0,448.0,242.0,220.0,352.0
1074,499.0,448.0,242.0,221.0,352.0
1075,500.0,448.0,242.0,221.0,352.0
1076,500.0,448.0,243.0,220.0,352.0
1077,499.0,448.0,243.0,220.0,352.0
1078,500.0,448.0,243.0,220.0,352.0
1079,500.0,448.0,242.0,221.0,352.0
1080,500.0,448.0,242.0,224.0,353.0
1081,500.0,447.0,243.0,220.0,352.0
1082,501.0,448.0,243.0,221.0,353.0
1083,500.0,448.0,243.0,220.0,352.0
1084,500.0,448.0,243.0,220.0,352.0
1085,499.0,448.0,242.0,220.0,352.0
1086,500.0,448.0,242.0,220.0,352.0
1087,500.0,448.0,242.0,221.0,352.0
1088,500.0,447.0,242.0,220.0,352.0
1089,499.0,448.0,242.0,220.0,352.0
1090,499.0,448.0,243.0,220.0,352.0
1091,499.0,448.0,243.0,220.0,352.0
1092,499.0,448.0,242.0,220.0,352.0
1093,499.0,447.0,242.0,218.0,351.0
1094,499.0,448.0,242.0,219.0,352.0
1095,499.0,448.0,242.0,219.0,352.0
1096,498.0,448.0,242.0,220.0,352.0
1097,499.0,448.0,242.0,220.0,352.0
1098,499.0,448.0,242.0,220.0,352.0
1099,499.0,447.0,242.0,220.0,352.0
1100,499.0,448.0,242.0,220.0,352.0
1101,499.0,448.0,242.0,220.0,352.0
1102,499.0,448.0,242.0,220.0,352.0
1103,499.0,448.0,242.0,219.0,352.0
1104,498.0,448.0,242.0,220.0,352.0
1105,498.0,448.0,242.0,220.0,352.0
1106,498.0,448.0,242.0,219.0,351.0
1107,498.0,448.0,242.0,219.0,351.0
1108,498.0,448.0,242.0,219.0,351.0
1109,498.0,448.0,241.0,220.0,351.0
1110,498.0,448.0,241.0,220.0,351.0
1111,498.0,448.0,241.0,220.0,351.0
1112,498.0,447.0,242.0,220.0,351.0
1113,499.0,448.0,242.0,220.0,352.0
1114,500.0,447.0,242.0,221.0,352.0
1115,500.0,447.0,242.0,221.0,352.0
1116,500.0,448.0,242.0,221.0,352.0
1117,500.0,447.0,242.0,221.0,352.0
1118,500.0,447.0,242.0,220.0,352.0
1119,500.0,447.0,242.0,220.0,352.0
1120,499.0,447.0,241.0,220.0,351.0
1121,500.0,446.0,241.0,220.0,351.0
1122,500.0,447.0,241.0,220.0,352.0
1123,500.0,447.0,241.0,220.0,352.0
1124,500.0,447.0,241.0,220.0,352.0
1125,499.0,447.0,241.0,220.0,351.0
1126,499.0,447.0,241.0,220.0,351.0
1127,500.0,447.0,241.0,220.0,352.0
1128,499.0,447.0,241.0,219.0,351.0
1129,499.0,447.0,241.0,220.0,351.0
1130,500.0,447.0,241.0,219.0,351.0
1131,499.0,448.0,241.0,220.0,352.0
1132,500.0,447.0,241.0,219.0,351.0
1133,500.0,447.0,241.0,219.0,351.0
1134,499.0,447.0,241.0,219.0,351.0
1135,500.0,447.0,240.0,220.0,351.0
1136,499.0,447.0,241.0,220.0,351.0
1137,499.0,447.0,241.0,219.0,351.0
1138,499.0,447.0,241.0,219.0,351.0
1139,499.0,447.0,240.0,219.0,351.0
1140,500.0,447.0,241.0,219.0,351.0
1141,499.0,447.0,240.0,219.0,351.0
1142,499.0,447.0,241.0,219.0,351.0
1143,500.0,447.0,241.0,220.0,352.0
1144,499.0,447.0,241.0,219.0,351.0
1145,500.0,447.0,241.0,219.0,351.0
1146,498.0,447.0,242.0,219.0,351.0
1147,498.0,447.0,241.0,218.0,351.0
1148,499.0,448.0,241.0,219.0,351.0
1149,499.0,447.0,241.0,219.0,351.0
1150,498.0,448.0,241.0,218.0,351.0
1151,499.0,448.0,241.0,218.0,351.0
1152,499.0,448.0,240.0,219.0,351.0
1153,499.0,447.0,241.0,219.0,351.0
1154,499.0,447.0,241.0,220.0,351.0
1155,500.0,447.0,241.0,220.0,352.0
1156,499.0,446.0,241.0,220.0,351.0
1157,500.0,446.0,242.0,220.0,352.0
1158,499.0,446.0,241.0,219.0,351.0
1159,498.0,446.0,241.0,220.0,351.0
1160,498.0,446.0,241.0,220.0,351.0
1161,498.0,446.0,241.0,220.0,351.0
1162,498.0,446.0,241.0,220.0,351.0
1163,498.0,446.0,241.0,220.0,351.0
1164,498.0,446.0,241.0,219.0,351.0
1165,498.0,446.0,240.0,220.0,351.0
1166,498.0,446.0,241.0,220.0,351.0
1167,498.0,446.0,242.0,219.0,351.0
1168,499.0,446.0,241.0,219.0,351.0
1169,498.0,447.0,241.0,219.0,351.0
1170,498.0,447.0,241.0,219.0,351.0
1171,498.0,447.0,241.0,219.0,351.0
1172,499.0,446.0,240.0,219.0,351.0
1173,499.0,446.0,240.0,220.0,351.0
1174,499.0,446.0,240.0,219.0,351.0
1175,499.0,446.0,240.0,219.0,351.0
1176,499.0,447.0,239.0,218.0,350.0
1177,499.0,446.0,239.0,219.0,350.0
1178,499.0,446.0,239.0,218.0,350.0
1179,499.0,446.0,239.0,219.0,350.0
1180,499.0,447.0,240.0,218.0,351.0
1181,499.0,447.0,239.0,218.0,350.0
1182,499.0,447.0,240.0,219.0,351.0
1183,499.0,446.0,239.0,219.0,350.0
1184,500.0,447.0,240.0,218.0,351.0
1185,499.0,446.0,240.0,218.0,350.0
1186,499.0,447.0,240.0,219.0,351.0
1187,499.0,447.0,239.0,218.0,350.0
1188,500.0,447.0,240.0,218.0,351.0
1189,500.0,447.0,240.0,218.0,351.0
1190,498.0,447.0,239.0,218.0,350.0
1191,499.0,447.0,239.0,218.0,350.0
1192,499.0,447.0,239.0,218.0,350.0
1193,498.0,447.0,239.0,218.0,350.0
1194,499.0,447.0,239.0,218.0,350.0
1195,499.0,446.0,239.0,218.0,350.0
1196,499.0,446.0,240.0,218.0,350.0
1197,499.0,446.0,240.0,219.0,351.0
1198,499.0,446.0,240.0,218.0,350.0
1199,499.0,446.0,240.0,218.0,350.0
1200,499.0,445.0,240.0,219.0,350.0
1201,499.0,445.0,240.0,219.0,350.0
1202,499.0,445.0,240.0,218.0,350.0
1203,499.0,445.0,240.0,219.0,350.0
1204,499.0,445.0,240.0,219.0,350.0
1205,499.0,445.0,241.0,220.0,351.0
1206,501.0,446.0,241.0,220.0,352.0
1207,501.0,446.0,241.0,220.0,352.0
1208,500.0,446.0,241.0,219.0,351.0
1209,500.0,445.0,241.0,220.0,351.0
1210,500.0,446.0,241.0,219.0,351.0
1211,500.0,446.0,241.0,220.0,351.0
1212,500.0,446.0,241.0,219.0,351.0
1213,500.0,446.0,241.0,219.0,351.0
1214,500.0,445.0,240.0,219.0,351.0
1215,499.0,445.0,240.0,219.0,350.0
1216,499.0,445.0,239.0,219.0,350.0
1217,499.0,445.0,240.0,219.0,350.0
1218,501.0,445.0,240.0,219.0,351.0
1219,500.0,445.0,240.0,218.0,350.0
1220,500.0,446.0,240.0,219.0,351.0
1221,500.0,446.0,240.0,218.0,351.0
1222,500.0,446.0,240.0,219.0,351.0
1223,501.0,446.0,239.0,218.0,351.0
1224,500.0,445.0,239.0,219.0,350.0
1225,500.0,446.0,239.0,219.0,351.0
1226,501.0,446.0,240.0,218.0,351.0
1227,500.0,446.0,240.0,218.0,351.0
1228,500.0,446.0,240.0,218.0,351.0
1229,500.0,446.0,240.0,218.0,351.0
1230,500.0,445.0,239.0,218.0,350.0
1231,499.0,445.0,239.0,218.0,350.0
1232,499.0,446.0,239.0,218.0,350.0
1233,499.0,445.0,239.0,218.0,350.0
1234,498.0,445.0,239.0,218.0,350.0
1235,499.0,445.0,238.0,218.0,350.0
1236,499.0,444.0,239.0,219.0,350.0
1237,499.0,444.0,239.0,219.0,350.0
1238,499.0,444.0,240.0,219.0,350.0
1239,500.0,444.0,239.0,219.0,350.0
1240,500.0,444.0,239.0,219.0,350.0
1241,500.0,444.0,240.0,219.0,350.0
1242,499.0,444.0,240.0,218.0,350.0
1243,499.0,445.0,241.0,218.0,350.0
1244,500.0,444.0,241.0,220.0,351.0
1245,501.0,444.0,241.0,219.0,351.0
1246,501.0,445.0,241.0,219.0,351.0
1247,500.0,444.0,241.0,219.0,351.0
1248,501.0,445.0,241.0,219.0,351.0
1249,500.0,445.0,240.0,219.0,351.0
1250,500.0,444.0,240.0,219.0,350.0
1251,500.0,444.0,240.0,219.0,350.0
1252,500.0,444.0,240.0,219.0,350.0
1253,500.0,444.0,240.0,219.0,350.0
1254,500.0,444.0,241.0,219.0,351.0
1255,500.0,444.0,240.0,219.0,350.0
1256,500.0,444.0,241.0,218.0,350.0
1257,500.0,444.0,240.0,218.0,350.0
1258,500.0,445.0,240.0,219.0,351.0
1259,499.0,444.0,240.0,218.0,350.0
1260,499.0,444.0,239.0,218.0,350.0
1261,499.0,444.0,239.0,218.0,350.0
1262,500.0,444.0,239.0,218.0,350.0
1263,501.0,444.0,239.0,218.0,350.0
1264,500.0,444.0,240.0,219.0,350.0
1265,500.0,444.0,239.0,218.0,350.0
1266,500.0,444.0,240.0,218.0,350.0
1267,499.0,443.0,240.0,218.0,350.0
1268,499.0,444.0,240.0,218.0,350.0
1269,499.0,445.0,240.0,218.0,350.0
1270,500.0,444.0,240.0,218.0,350.0
1271,498.0,444.0,240.0,218.0,350.0
1272,499.0,444.0,241.0,218.0,350.0
1273,498.0,444.0,240.0,218.0,350.0
1274,499.0,444.0,240.0,218.0,350.0
1275,498.0,443.0,240.0,218.0,349.0
1276,498.0,443.0,240.0,220.0,350.0
1277,500.0,444.0,241.0,219.0,351.0
1278,500.0,444.0,241.0,219.0,351.0
1279,500.0,444.0,241.0,220.0,351.0
1280,500.0,444.0,241.0,219.0,351.0
1281,500.0,444.0,241.0,220.0,351.0
1282,500.0,444.0,241.0,219.0,351.0
1283,500.0,444.0,241.0,219.0,351.0
1284,500.0,444.0,241.0,219.0,351.0
1285,500.0,444.0,241.0,219.0,351.0
1286,499.0,443.0,240.0,218.0,350.0
1287,499.0,444.0,240.0,219.0,350.0
1288,500.0,444.0,240.0,218.0,350.0
1289,499.0,444.0,240.0,219.0,350.0
1290,499.0,444.0,240.0,218.0,350.0
1291,499.0,444.0,240.0,218.0,350.0
1292,499.0,445.0,240.0,218.0,350.0
1293,500.0,444.0,241.0,218.0,350.0
1294,499.0,444.0,240.0,218.0,350.0
1295,499.0,444.0,240.0,218.0,350.0
1296,500.0,444.0,240.0,218.0,350.0
1297,499.0,444.0,239.0,218.0,350.0
1298,499.0,444.0,239.0,218.0,350.0
1299,499.0,444.0,240.0,218.0,350.0
1300,499.0,444.0,239.0,218.0,350.0
1301,498.0,444.0,239.0,217.0,349.0
1302,499.0,444.0,240.0,217.0,350.0
1303,499.0,444.0,239.0,217.0,349.0
1304,499.0,444.0,240.0,218.0,350.0
1305,500.0,445.0,239.0,218.0,350.0
1306,500.0,444.0,240.0,218.0,350.0
1307,500.0,445.0,240.0,218.0,350.0
1308,500.0,445.0,239.0,217.0,350.0
1309,500.0,444.0,238.0,218.0,350.0
1310,499.0,444.0,239.0,218.0,350.0
1311,499.0,443.0,239.0,218.0,349.0
1312,499.0,443.0,240.0,219.0,350.0
1313,500.0,443.0,240.0,219.0,350.0
1314,499.0,443.0,240.0,218.0,350.0
1315,499.0,443.0,240.0,218.0,350.0
1316,500.0,443.0,241.0,219.0,350.0
1317,500.0,444.0,240.0,218.0,350.0
1318,499.0,443.0,240.0,219.0,350.0
1319,499.0,443.0,241.0,218.0,350.0
1320,499.0,444.0,241.0,219.0,350.0
1321,499.0,444.0,240.0,218.0,350.0
1322,499.0,444.0,240.0,218.0,350.0
1323,499.0,444.0,240.0,218.0,350.0
1324,500.0,444.0,239.0,218.0,350.0
1325,499.0,443.0,240.0,218.0,350.0
1326,508.0,444.0,239.0,218.0,352.0
1327,500.0,443.0,239.0,217.0,349.0
1328,499.0,444.0,240.0,218.0,350.0
1329,498.0,444.0,239.0,217.0,349.0
1330,498.0,444.0,239.0,217.0,349.0
1331,499.0,444.0,239.0,217.0,349.0
1332,498.0,444.0,239.0,217.0,349.0
1333,499.0,444.0,240.0,218.0,350.0
1334,499.0,444.0,239.0,218.0,350.0
1335,499.0,445.0,239.0,218.0,350.0
1336,498.0,444.0,239.0,217.0,349.0
1337,498.0,444.0,239.0,217.0,349.0
1338,499.0,445.0,240.0,218.0,350.0
1339,499.0,445.0,240.0,218.0,350.0
1340,498.0,444.0,239.0,218.0,349.0
1341,498.0,444.0,239.0,217.0,349.0
1342,498.0,444.0,239.0,217.0,349.0
1343,498.0,444.0,239.0,217.0,349.0
1344,497.0,445.0,239.0,216.0,349.0
1345,497.0,445.0,239.0,217.0,349.0
1346,498.0,445.0,240.0,217.0,350.0
1347,498.0,444.0,239.0,217.0,349.0
1348,498.0,444.0,238.0,216.0,349.0
1349,497.0,444.0,239.0,217.0,349.0
1350,497.0,444.0,239.0,217.0,349.0
1351,497.0,444.0,239.0,218.0,349.0
1352,498.0,444.0,239.0,220.0,350.0
1353,498.0,444.0,240.0,217.0,349.0
1354,499.0,444.0,239.0,218.0,350.0
1355,498.0,444.0,239.0,217.0,349.0
1356,498.0,443.0,240.0,217.0,349.0
1357,498.0,444.0,240.0,217.0,349.0
1358,499.0,444.0,240.0,218.0,350.0
1359,498.0,444.0,240.0,217.0,349.0
1360,499.0,444.0,239.0,218.0,350.0
1361,499.0,444.0,239.0,217.0,349.0
1362,498.0,444.0,239.0,217.0,349.0
1363,499.0,444.0,239.0,217.0,349.0
1364,499.0,444.0,239.0,218.0,350.0
1365,499.0,444.0,239.0,217.0,349.0
1366,498.0,443.0,239.0,217.0,349.0
1367,498.0,444.0,239.0,217.0,349.0
1368,499.0,443.0,239.0,217.0,349.0
1369,498.0,444.0,240.0,220.0,350.0
1370,498.0,443.0,240.0,217.0,349.0
1371,498.0,444.0,239.0,217.0,349.0
1372,498.0,444.0,239.0,217.0,349.0
1373,498.0,444.0,239.0,217.0,349.0
1374,498.0,444.0,240.0,217.0,349.0
1375,498.0,444.0,239.0,217.0,349.0
1376,498.0,444.0,239.0,217.0,349.0
1377,499.0,444.0,239.0,217.0,349.0
1378,498.0,444.0,238.0,217.0,349.0
1379,498.0,444.0,239.0,216.0,349.0
1380,499.0,444.0,239.0,217.0,349.0
1381,498.0,444.0,239.0,217.0,349.0
1382,498.0,444.0,239.0,217.0,349.0
1383,498.0,444.0,239.0,216.0,349.0
1384,497.0,444.0,239.0,217.0,349.0
1385,497.0,444.0,239.0,216.0,349.0
1386,497.0,444.0,239.0,216.0,349.0
1387,497.0,444.0,239.0,217.0,349.0
1388,498.0,443.0,239.0,217.0,349.0
1389,498.0,443.0,239.0,217.0,349.0
1390,498.0,443.0,239.0,217.0,349.0
1391,497.0,443.0,239.0,217.0,349.0
1392,498.0,443.0,240.0,218.0,349.0
1393,498.0,443.0,240.0,217.0,349.0
1394,498.0,443.0,239.0,217.0,349.0
1395,497.0,443.0,239.0,217.0,349.0
1396,499.0,443.0,239.0,217.0,349.0
1397,498.0,443.0,240.0,218.0,349.0
1398,498.0,443.0,239.0,217.0,349.0
1399,498.0,443.0,240.0,217.0,349.0
1400,497.0,443.0,239.0,216.0,348.0
1401,497.0,443.0,239.0,217.0,349.0
1402,497.0,443.0,239.0,218.0,349.0
1403,497.0,443.0,239.0,217.0,349.0
1404,498.0,443.0,239.0,218.0,349.0
1405,498.0,443.0,239.0,217.0,349.0
1406,498.0,442.0,239.0,217.0,349.0
1407,497.0,443.0,239.0,218.0,349.0
1408,498.0,443.0,240.0,217.0,349.0
1409,498.0,443.0,239.0,217.0,349.0
1410,497.0,443.0,240.0,217.0,349.0
1411,498.0,443.0,238.0,217.0,349.0
1412,498.0,443.0,240.0,218.0,349.0
1413,498.0,443.0,238.0,217.0,349.0
1414,497.0,442.0,239.0,217.0,348.0
1415,498.0,442.0,240.0,217.0,349.0
1416,497.0,443.0,240.0,217.0,349.0
1417,498.0,443.0,239.0,217.0,349.0
1418,496.0,443.0,239.0,217.0,348.0
1419,497.0,443.0,240.0,217.0,349.0
1420,498.0,443.0,239.0,217.0,349.0
1421,497.0,443.0,240.0,217.0,349.0
1422,498.0,443.0,239.0,217.0,349.0
1423,501.0,443.0,238.0,217.0,349.0
1424,498.0,443.0,239.0,216.0,349.0
1425,497.0,442.0,239.0,217.0,348.0
1426,499.0,443.0,238.0,217.0,349.0
1427,498.0,442.0,238.0,217.0,348.0
1428,498.0,442.0,238.0,217.0,348.0
1429,501.0,442.0,238.0,217.0,349.0
1430,498.0,441.0,238.0,217.0,348.0
1431,498.0,441.0,238.0,218.0,348.0
1432,498.0,441.0,239.0,217.0,348.0
1433,499.0,441.0,239.0,217.0,349.0
1434,498.0,441.0,239.0,218.0,349.0
1435,498.0,441.0,239.0,217.0,348.0
1436,498.0,441.0,239.0,217.0,348.0
1437,498.0,441.0,238.0,217.0,348.0
1438,499.0,441.0,238.0,218.0,349.0
1439,499.0,441.0,238.0,217.0,348.0
1440,498.0,442.0,239.0,217.0,349.0
1441,498.0,442.0,238.0,217.0,348.0
1442,498.0,442.0,238.0,217.0,348.0
1443,498.0,442.0,238.0,217.0,348.0
1444,499.0,441.0,238.0,217.0,348.0
1445,498.0,442.0,238.0,217.0,348.0
1446,500.0,442.0,239.0,217.0,349.0
1447,500.0,442.0,239.0,217.0,349.0
1448,500.0,442.0,239.0,217.0,349.0
1449,500.0,442.0,239.0,217.0,349.0
1450,499.0,442.0,238.0,216.0,348.0
1451,499.0,442.0,238.0,217.0,349.0
1452,498.0,442.0,238.0,217.0,348.0
1453,499.0,442.0,238.0,217.0,349.0
1454,499.0,442.0,238.0,217.0,349.0
1455,499.0,442.0,238.0,217.0,349.0
1456,498.0,442.0,239.0,222.0,350.0
1457,498.0,442.0,238.0,216.0,348.0
1458,498.0,442.0,239.0,217.0,349.0
1459,498.0,442.0,238.0,217.0,348.0
1460,498.0,442.0,237.0,216.0,348.0
1461,498.0,442.0,238.0,216.0,348.0
1462,498.0,442.0,238.0,216.0,348.0
1463,498.0,442.0,238.0,216.0,348.0
1464,498.0,442.0,238.0,216.0,348.0
1465,498.0,442.0,238.0,216.0,348.0
1466,498.0,442.0,238.0,217.0,348.0
1467,498.0,442.0,238.0,216.0,348.0
1468,498.0,442.0,238.0,216.0,348.0
1469,498.0,442.0,238.0,216.0,348.0
1470,498.0,442.0,238.0,216.0,348.0
1471,499.0,441.0,238.0,217.0,348.0
1472,498.0,441.0,238.0,217.0,348.0
1473,498.0,441.0,238.0,217.0,348.0
1474,499.0,441.0,239.0,217.0,349.0
1475,498.0,441.0,239.0,217.0,348.0
1476,500.0,441.0,239.0,217.0,349.0
1477,498.0,441.0,239.0,217.0,348.0
1478,499.0,441.0,239.0,217.0,349.0
1479,499.0,441.0,239.0,218.0,349.0
1480,499.0,442.0,239.0,217.0,349.0
1481,499.0,442.0,239.0,217.0,349.0
1482,499.0,441.0,238.0,217.0,348.0
1483,499.0,441.0,239.0,217.0,349.0
1484,499.0,441.0,238.0,217.0,348.0
1485,499.0,441.0,238.0,217.0,348.0
1486,500.0,441.0,239.0,217.0,349.0
1487,499.0,441.0,238.0,217.0,348.0
1488,499.0,441.0,239.0,217.0,349.0
1489,500.0,442.0,238.0,216.0,349.0
1490,500.0,442.0,239.0,216.0,349.0
1491,500.0,441.0,239.0,217.0,349.0
1492,500.0,442.0,239.0,216.0,349.0
1493,500.0,441.0,238.0,216.0,348.0
1494,499.0,441.0,238.0,216.0,348.0
1495,499.0,441.0,239.0,216.0,348.0
1496,500.0,441.0,238.0,216.0,348.0
1497,499.0,441.0,239.0,216.0,348.0
1498,499.0,442.0,238.0,216.0,348.0
1499,499.0,441.0,239.0,216.0,348.0
1500,499.0,441.0,239.0,216.0,348.0
1501,499.0,441.0,238.0,216.0,348.0
1502,498.0,441.0,239.0,216.0,348.0
1503,498.0,441.0,238.0,215.0,348.0
1504,499.0,442.0,239.0,216.0,349.0
1505,498.0,442.0,239.0,215.0,348.0
1506,497.0,441.0,239.0,215.0,348.0
1507,498.0,441.0,238.0,215.0,348.0
1508,500.0,442.0,238.0,215.0,348.0
1509,498.0,441.0,239.0,215.0,348.0
1510,498.0,442.0,239.0,216.0,348.0
1511,497.0,441.0,238.0,215.0,347.0
1512,497.0,441.0,239.0,216.0,348.0
1513,499.0,441.0,239.0,216.0,348.0
1514,498.0,440.0,238.0,216.0,348.0
1515,499.0,441.0,238.0,216.0,348.0
1516,500.0,441.0,238.0,217.0,349.0
1517,498.0,441.0,239.0,216.0,348.0
1518,498.0,441.0,239.0,216.0,348.0
1519,500.0,441.0,239.0,216.0,349.0
1520,498.0,440.0,239.0,216.0,348.0
1521,498.0,441.0,239.0,217.0,348.0
1522,499.0,441.0,239.0,216.0,348.0
1523,498.0,441.0,239.0,216.0,348.0
1524,498.0,441.0,240.0,216.0,348.0
1525,499.0,441.0,239.0,216.0,348.0
1526,499.0,441.0,239.0,216.0,348.0
1527,499.0,442.0,238.0,216.0,348.0
1528,498.0,441.0,239.0,216.0,348.0
1529,498.0,441.0,239.0,216.0,348.0
1530,498.0,442.0,240.0,217.0,349.0
1531,499.0,441.0,239.0,217.0,349.0
1532,499.0,441.0,239.0,217.0,349.0
1533,498.0,442.0,239.0,217.0,349.0
1534,499.0,442.0,239.0,217.0,349.0
1535,498.0,441.0,239.0,217.0,348.0
1536,498.0,441.0,239.0,217.0,348.0
1537,498.0,441.0,239.0,216.0,348.0
1538,498.0,441.0,239.0,217.0,348.0
1539,498.0,442.0,239.0,216.0,348.0
1540,498.0,441.0,239.0,216.0,348.0
1541,498.0,441.0,239.0,216.0,348.0
1542,498.0,441.0,239.0,216.0,348.0
1543,498.0,441.0,239.0,216.0,348.0
1544,498.0,441.0,239.0,216.0,348.0
1545,498.0,441.0,239.0,216.0,348.0
1546,498.0,442.0,239.0,216.0,348.0
1547,498.0,441.0,239.0,216.0,348.0
1548,498.0,441.0,238.0,216.0,348.0
1549,498.0,441.0,239.0,216.0,348.0
1550,498.0,441.0,238.0,216.0,348.0
1551,498.0,441.0,239.0,216.0,348.0
1552,498.0,441.0,238.0,217.0,348.0
1553,498.0,440.0,239.0,216.0,348.0
1554,498.0,440.0,239.0,216.0,348.0
1555,498.0,440.0,239.0,217.0,348.0
1556,498.0,440.0,239.0,217.0,348.0
1557,498.0,440.0,239.0,217.0,348.0
1558,498.0,440.0,239.0,217.0,348.0
1559,498.0,440.0,240.0,217.0,348.0
1560,498.0,440.0,240.0,217.0,348.0
1561,498.0,440.0,240.0,218.0,349.0
1562,498.0,440.0,240.0,217.0,348.0
1563,498.0,440.0,240.0,217.0,348.0
1564,498.0,440.0,240.0,217.0,348.0
1565,498.0,440.0,240.0,217.0,348.0
1566,498.0,441.0,239.0,223.0,350.0
1567,498.0,440.0,239.0,218.0,348.0
1568,499.0,440.0,239.0,217.0,348.0
1569,499.0,440.0,239.0,217.0,348.0
1570,500.0,440.0,239.0,217.0,349.0
1571,498.0,440.0,239.0,217.0,348.0
1572,498.0,440.0,239.0,217.0,348.0
1573,498.0,440.0,239.0,217.0,348.0
1574,498.0,440.0,239.0,217.0,348.0
1575,498.0,440.0,239.0,217.0,348.0
1576,499.0,440.0,240.0,217.0,349.0
1577,498.0,440.0,239.0,216.0,348.0
1578,498.0,440.0,239.0,217.0,348.0
1579,498.0,440.0,239.0,217.0,348.0
1580,499.0,440.0,239.0,216.0,348.0
1581,499.0,440.0,239.0,217.0,348.0
1582,499.0,440.0,240.0,216.0,348.0
1583,499.0,440.0,239.0,216.0,348.0
1584,498.0,440.0,239.0,216.0,348.0
1585,498.0,440.0,239.0,216.0,348.0
1586,498.0,440.0,239.0,216.0,348.0
1587,500.0,440.0,240.0,216.0,349.0
1588,498.0,440.0,239.0,217.0,348.0
1589,498.0,440.0,239.0,216.0,348.0
1590,498.0,440.0,239.0,216.0,348.0
1591,498.0,440.0,240.0,216.0,348.0
1592,498.0,440.0,239.0,216.0,348.0
1593,499.0,440.0,239.0,216.0,348.0
1594,499.0,439.0,239.0,217.0,348.0
1595,498.0,439.0,240.0,217.0,348.0
1596,499.0,440.0,240.0,218.0,349.0
1597,499.0,440.0,240.0,218.0,349.0
1598,499.0,440.0,240.0,218.0,349.0
1599,498.0,440.0,240.0,217.0,348.0
1600,499.0,439.0,240.0,217.0,348.0
1601,499.0,440.0,239.0,217.0,348.0
1602,499.0,439.0,240.0,216.0,348.0
1603,499.0,440.0,240.0,217.0,349.0
1604,500.0,440.0,240.0,217.0,349.0
1605,499.0,440.0,240.0,217.0,349.0
1606,499.0,440.0,240.0,217.0,349.0
1607,498.0,441.0,240.0,216.0,348.0
1608,499.0,440.0,239.0,216.0,348.0
1609,499.0,440.0,239.0,216.0,348.0
1610,499.0,440.0,239.0,216.0,348.0
1611,499.0,440.0,239.0,216.0,348.0
1612,499.0,440.0,239.0,216.0,348.0
1613,499.0,440.0,240.0,215.0,348.0
1614,499.0,440.0,239.0,216.0,348.0
1615,499.0,440.0,239.0,216.0,348.0
1616,499.0,440.0,239.0,215.0,348.0
1617,499.0,440.0,240.0,215.0,348.0
1618,499.0,441.0,239.0,225.0,351.0
1619,499.0,441.0,239.0,215.0,348.0
1620,500.0,441.0,240.0,216.0,349.0
1621,500.0,441.0,239.0,215.0,348.0
1622,500.0,441.0,240.0,216.0,349.0
1623,499.0,441.0,240.0,217.0,349.0
1624,500.0,441.0,239.0,217.0,349.0
1625,499.0,441.0,240.0,216.0,349.0
1626,499.0,441.0,240.0,216.0,349.0
1627,499.0,442.0,240.0,217.0,349.0
1628,500.0,441.0,240.0,217.0,349.0
1629,500.0,441.0,239.0,216.0,349.0
1630,499.0,441.0,240.0,216.0,349.0
1631,498.0,442.0,240.0,216.0,349.0
1632,498.0,442.0,240.0,215.0,348.0
1633,500.0,442.0,240.0,216.0,349.0
1634,497.0,442.0,240.0,216.0,348.0
1635,497.0,442.0,242.0,216.0,349.0
1636,497.0,443.0,242.0,217.0,349.0
1637,497.0,443.0,242.0,217.0,349.0
1638,497.0,443.0,243.0,218.0,350.0
1639,496.0,443.0,243.0,216.0,349.0
1640,496.0,443.0,243.0,217.0,349.0
1641,496.0,443.0,244.0,217.0,350.0
1642,496.0,444.0,243.0,217.0,350.0
1643,496.0,444.0,244.0,217.0,350.0
1644,496.0,444.0,244.0,217.0,350.0
1645,496.0,444.0,243.0,217.0,350.0
1646,498.0,444.0,243.0,217.0,350.0
1647,497.0,444.0,243.0,233.0,354.0
1648,497.0,443.0,243.0,218.0,350.0
1649,497.0,444.0,243.0,218.0,350.0
1650,497.0,444.0,243.0,218.0,350.0
1651,497.0,444.0,243.0,217.0,350.0
1652,497.0,444.0,243.0,217.0,350.0
1653,497.0,444.0,242.0,217.0,350.0
1654,497.0,444.0,242.0,217.0,350.0
1655,498.0,444.0,242.0,217.0,350.0
1656,498.0,444.0,242.0,217.0,350.0
1657,497.0,444.0,242.0,217.0,350.0
1658,497.0,444.0,241.0,217.0,349.0
1659,498.0,444.0,242.0,217.0,350.0
1660,499.0,445.0,243.0,218.0,351.0
1661,499.0,445.0,243.0,219.0,351.0
1662,499.0,445.0,243.0,218.0,351.0
1663,499.0,444.0,243.0,218.0,351.0
1664,499.0,444.0,242.0,218.0,350.0
1665,500.0,444.0,242.0,218.0,351.0
1666,499.0,444.0,242.0,218.0,350.0
1667,499.0,445.0,242.0,217.0,350.0
1668,498.0,445.0,242.0,217.0,350.0
1669,498.0,445.0,242.0,217.0,350.0
1670,498.0,445.0,242.0,217.0,350.0
1671,499.0,444.0,241.0,217.0,350.0
1672,498.0,445.0,241.0,216.0,350.0
1673,498.0,444.0,241.0,217.0,350.0
1674,498.0,444.0,241.0,217.0,350.0
1675,498.0,444.0,241.0,217.0,350.0
1676,497.0,444.0,242.0,217.0,350.0
1677,498.0,444.0,242.0,218.0,350.0
1678,499.0,444.0,242.0,218.0,350.0
1679,499.0,444.0,242.0,218.0,350.0
1680,498.0,444.0,242.0,218.0,350.0
1681,499.0,444.0,242.0,216.0,350.0
1682,497.0,443.0,241.0,217.0,349.0
1683,498.0,443.0,242.0,217.0,350.0
1684,498.0,443.0,241.0,217.0,349.0
1685,498.0,443.0,242.0,217.0,350.0
1686,498.0,443.0,242.0,217.0,350.0
1687,498.0,443.0,242.0,217.0,350.0
1688,498.0,444.0,242.0,216.0,350.0
1689,497.0,444.0,241.0,216.0,349.0
1690,497.0,444.0,242.0,216.0,349.0
1691,498.0,444.0,242.0,217.0,350.0
1692,498.0,444.0,241.0,216.0,349.0
1693,498.0,443.0,241.0,216.0,349.0
1694,498.0,444.0,241.0,216.0,349.0
1695,497.0,443.0,241.0,216.0,349.0
1696,498.0,444.0,241.0,216.0,349.0
1697,497.0,444.0,241.0,216.0,349.0
1698,497.0,444.0,241.0,216.0,349.0
1699,497.0,444.0,241.0,232.0,353.0
1700,497.0,444.0,241.0,216.0,349.0
1701,498.0,443.0,241.0,216.0,349.0
1702,497.0,444.0,242.0,216.0,349.0
1703,497.0,443.0,241.0,215.0,349.0
1704,501.0,443.0,241.0,215.0,350.0
1705,497.0,444.0,242.0,216.0,349.0
1706,497.0,444.0,242.0,217.0,350.0
1707,498.0,444.0,241.0,216.0,349.0
1708,498.0,444.0,242.0,216.0,350.0
1709,498.0,444.0,241.0,217.0,350.0
1710,497.0,444.0,241.0,217.0,349.0
1711,497.0,444.0,241.0,217.0,349.0
1712,497.0,444.0,241.0,217.0,349.0
1713,497.0,444.0,242.0,215.0,349.0
1714,497.0,443.0,240.0,216.0,349.0
1715,496.0,443.0,241.0,216.0,349.0
1716,497.0,444.0,242.0,216.0,349.0
1717,498.0,445.0,242.0,217.0,350.0
1718,497.0,444.0,241.0,217.0,349.0
1719,496.0,444.0,241.0,216.0,349.0
1720,496.0,444.0,241.0,217.0,349.0
1721,497.0,443.0,242.0,217.0,349.0
1722,497.0,443.0,242.0,216.0,349.0
1723,497.0,443.0,241.0,217.0,349.0
1724,498.0,443.0,241.0,217.0,349.0
1725,497.0,443.0,242.0,216.0,349.0
1726,497.0,443.0,241.0,216.0,349.0
1727,497.0,444.0,242.0,216.0,349.0
1728,496.0,444.0,242.0,216.0,349.0
1729,496.0,444.0,242.0,216.0,349.0
1730,496.0,444.0,241.0,217.0,349.0
1731,497.0,444.0,242.0,216.0,349.0
1732,498.0,444.0,242.0,216.0,350.0
1733,497.0,444.0,242.0,216.0,349.0
1734,498.0,444.0,242.0,215.0,349.0
1735,499.0,444.0,242.0,216.0,350.0
1736,499.0,443.0,241.0,216.0,349.0
1737,498.0,444.0,241.0,216.0,349.0
1738,498.0,444.0,241.0,216.0,349.0
1739,498.0,444.0,242.0,215.0,349.0
1740,498.0,444.0,241.0,215.0,349.0
1741,498.0,444.0,241.0,215.0,349.0
1742,498.0,444.0,241.0,215.0,349.0
1743,498.0,444.0,242.0,215.0,349.0
1744,498.0,444.0,242.0,215.0,349.0
1745,499.0,444.0,242.0,215.0,350.0
1746,499.0,444.0,242.0,215.0,350.0
1747,499.0,444.0,241.0,215.0,349.0
1748,499.0,444.0,241.0,215.0,349.0
1749,499.0,444.0,240.0,215.0,349.0
1750,499.0,444.0,240.0,215.0,349.0
1751,498.0,444.0,240.0,215.0,349.0
1752,498.0,444.0,241.0,214.0,349.0
1753,498.0,444.0,241.0,214.0,349.0
1754,497.0,444.0,241.0,214.0,349.0
1755,498.0,444.0,241.0,214.0,349.0
1756,498.0,444.0,241.0,215.0,349.0
1757,498.0,444.0,241.0,214.0,349.0
1758,498.0,444.0,241.0,214.0,349.0
1759,498.0,445.0,240.0,214.0,349.0
1760,498.0,444.0,241.0,214.0,349.0
1761,496.0,444.0,240.0,214.0,348.0
1762,496.0,443.0,240.0,215.0,348.0
1763,497.0,443.0,240.0,215.0,348.0
1764,497.0,443.0,240.0,216.0,349.0
1765,497.0,443.0,240.0,216.0,349.0
1766,497.0,443.0,240.0,216.0,349.0
1767,497.0,444.0,240.0,216.0,349.0
1768,499.0,443.0,241.0,216.0,349.0
1769,500.0,443.0,241.0,216.0,350.0
1770,499.0,444.0,241.0,216.0,350.0
1771,499.0,444.0,240.0,216.0,349.0
1772,498.0,444.0,241.0,217.0,350.0
1773,497.0,444.0,241.0,214.0,349.0
1774,497.0,443.0,239.0,215.0,348.0
1775,498.0,443.0,239.0,215.0,348.0
1776,497.0,443.0,239.0,215.0,348.0
1777,498.0,443.0,240.0,216.0,349.0
1778,499.0,444.0,240.0,216.0,349.0
1779,498.0,444.0,240.0,216.0,349.0
1780,498.0,444.0,240.0,223.0,351.0
1781,498.0,444.0,240.0,216.0,349.0
1782,498.0,444.0,240.0,216.0,349.0
1783,498.0,444.0,240.0,216.0,349.0
1784,498.0,443.0,240.0,216.0,349.0
1785,498.0,444.0,240.0,216.0,349.0
1786,498.0,444.0,240.0,215.0,349.0
1787,498.0,444.0,239.0,215.0,349.0
1788,497.0,444.0,240.0,215.0,349.0
1789,497.0,444.0,240.0,215.0,349.0
1790,497.0,444.0,239.0,215.0,348.0
1791,498.0,444.0,239.0,215.0,349.0
1792,498.0,444.0,239.0,215.0,349.0
1793,498.0,444.0,239.0,215.0,349.0
1794,498.0,444.0,240.0,215.0,349.0
1795,497.0,445.0,239.0,215.0,349.0
1796,498.0,444.0,239.0,214.0,348.0
1797,497.0,443.0,238.0,214.0,348.0
1798,499.0,444.0,239.0,215.0,349.0
1799,497.0,444.0,239.0,215.0,348.0
1800,497.0,444.0,239.0,215.0,348.0
1801,498.0,444.0,240.0,214.0,349.0
1802,497.0,445.0,240.0,214.0,349.0
1803,496.0,445.0,240.0,215.0,349.0
1804,496.0,444.0,240.0,215.0,348.0
1805,496.0,444.0,240.0,215.0,348.0
1806,496.0,444.0,240.0,215.0,348.0
1807,496.0,444.0,240.0,215.0,348.0
1808,496.0,444.0,240.0,216.0,349.0
1809,496.0,443.0,240.0,216.0,348.0
1810,496.0,443.0,240.0,217.0,349.0
1811,496.0,443.0,240.0,215.0,348.0
1812,496.0,443.0,240.0,215.0,348.0
1813,496.0,443.0,241.0,215.0,348.0
1814,496.0,444.0,239.0,215.0,348.0
1815,496.0,443.0,240.0,215.0,348.0
1816,495.0,443.0,240.0,214.0,348.0
1817,495.0,443.0,240.0,214.0,348.0
1818,496.0,443.0,239.0,214.0,348.0
1819,495.0,443.0,239.0,214.0,347.0
1820,496.0,443.0,239.0,215.0,348.0
1821,496.0,443.0,239.0,214.0,348.0
1822,496.0,443.0,240.0,214.0,348.0
1823,495.0,443.0,240.0,214.0,348.0
1824,496.0,443.0,239.0,214.0,348.0
1825,495.0,443.0,238.0,214.0,347.0
1826,495.0,443.0,238.0,214.0,347.0
1827,496.0,443.0,238.0,215.0,348.0
1828,495.0,442.0,238.0,214.0,347.0
1829,495.0,443.0,239.0,215.0,348.0
1830,495.0,443.0,239.0,214.0,347.0
1831,495.0,443.0,239.0,214.0,347.0
1832,495.0,443.0,239.0,219.0,349.0
1833,495.0,443.0,238.0,215.0,347.0
1834,495.0,443.0,238.0,214.0,347.0
1835,495.0,443.0,238.0,214.0,347.0
1836,495.0,443.0,238.0,215.0,347.0
1837,495.0,443.0,238.0,214.0,347.0
1838,495.0,443.0,238.0,214.0,347.0
1839,494.0,443.0,239.0,214.0,347.0
1840,494.0,443.0,239.0,215.0,347.0
1841,495.0,443.0,239.0,214.0,347.0
1842,494.0,443.0,238.0,214.0,347.0
1843,494.0,442.0,238.0,214.0,347.0
1844,494.0,443.0,238.0,214.0,347.0
1845,494.0,443.0,238.0,213.0,347.0
1846,494.0,443.0,238.0,214.0,347.0
1847,494.0,442.0,239.0,215.0,347.0
1848,495.0,442.0,239.0,215.0,347.0
1849,495.0,442.0,237.0,215.0,347.0
1850,495.0,442.0,238.0,215.0,347.0
1851,496.0,442.0,239.0,216.0,348.0
1852,495.0,442.0,239.0,216.0,348.0
1853,495.0,442.0,240.0,216.0,348.0
1854,495.0,442.0,240.0,216.0,348.0
1855,495.0,442.0,240.0,216.0,348.0
1856,495.0,442.0,240.0,216.0,348.0
1857,495.0,442.0,240.0,216.0,348.0
1858,495.0,442.0,239.0,216.0,348.0
1859,495.0,443.0,240.0,216.0,348.0
1860,495.0,443.0,240.0,216.0,348.0
1861,495.0,442.0,240.0,220.0,349.0
1862,495.0,442.0,240.0,215.0,348.0
1863,495.0,442.0,239.0,215.0,347.0
1864,495.0,441.0,239.0,215.0,347.0
1865,495.0,441.0,239.0,215.0,347.0
1866,495.0,441.0,239.0,215.0,347.0
1867,494.0,441.0,239.0,215.0,347.0
1868,495.0,441.0,239.0,215.0,347.0
1869,495.0,441.0,239.0,215.0,347.0
1870,495.0,441.0,239.0,215.0,347.0
1871,495.0,441.0,238.0,215.0,347.0
1872,496.0,441.0,239.0,215.0,347.0
1873,495.0,441.0,238.0,215.0,347.0
1874,495.0,441.0,238.0,215.0,347.0
1875,495.0,441.0,239.0,215.0,347.0
1876,495.0,441.0,239.0,215.0,347.0
1877,495.0,441.0,239.0,214.0,347.0
1878,495.0,441.0,239.0,215.0,347.0
1879,496.0,441.0,239.0,215.0,347.0
1880,494.0,440.0,237.0,214.0,346.0
1881,495.0,440.0,237.0,213.0,346.0
1882,494.0,441.0,238.0,214.0,346.0
1883,494.0,441.0,238.0,214.0,346.0
1884,494.0,441.0,238.0,214.0,346.0
1885,494.0,441.0,238.0,214.0,346.0
1886,494.0,441.0,238.0,215.0,347.0
1887,495.0,441.0,238.0,215.0,347.0
1888,495.0,441.0,238.0,214.0,347.0
1889,494.0,441.0,238.0,214.0,346.0
1890,494.0,441.0,238.0,214.0,346.0
1891,495.0,441.0,238.0,214.0,347.0
1892,494.0,441.0,238.0,216.0,347.0
1893,495.0,441.0,238.0,215.0,347.0
1894,495.0,440.0,238.0,215.0,347.0
1895,495.0,440.0,238.0,216.0,347.0
1896,495.0,440.0,239.0,216.0,347.0
1897,495.0,441.0,239.0,215.0,347.0
1898,495.0,441.0,239.0,215.0,347.0
1899,494.0,441.0,239.0,215.0,347.0
1900,494.0,441.0,239.0,215.0,347.0
1901,494.0,441.0,240.0,215.0,347.0
1902,495.0,441.0,240.0,215.0,347.0
1903,495.0,441.0,239.0,215.0,347.0
1904,495.0,441.0,239.0,214.0,347.0
1905,495.0,442.0,240.0,215.0,348.0
1906,494.0,442.0,240.0,215.0,347.0
1907,494.0,442.0,239.0,214.0,347.0
1908,495.0,442.0,240.0,215.0,348.0
1909,494.0,442.0,240.0,215.0,347.0
1910,494.0,442.0,239.0,217.0,348.0
1911,495.0,441.0,239.0,215.0,347.0
1912,494.0,442.0,240.0,215.0,347.0
1913,496.0,442.0,239.0,221.0,349.0
1914,496.0,441.0,238.0,215.0,347.0
1915,495.0,442.0,239.0,215.0,347.0
1916,495.0,441.0,239.0,214.0,347.0
1917,495.0,442.0,239.0,215.0,347.0
1918,495.0,441.0,238.0,214.0,347.0
1919,495.0,442.0,239.0,214.0,347.0
1920,495.0,442.0,238.0,215.0,347.0
1921,495.0,442.0,238.0,214.0,347.0
1922,495.0,442.0,238.0,215.0,347.0
1923,496.0,442.0,238.0,215.0,347.0
1924,496.0,442.0,238.0,214.0,347.0
1925,496.0,442.0,238.0,214.0,347.0
1926,495.0,442.0,238.0,214.0,347.0
1927,495.0,442.0,239.0,214.0,347.0
1928,494.0,441.0,238.0,213.0,346.0
1929,494.0,442.0,238.0,213.0,346.0
1930,494.0,442.0,239.0,214.0,347.0
1931,495.0,442.0,239.0,214.0,347.0
1932,495.0,442.0,239.0,214.0,347.0
1933,495.0,443.0,238.0,214.0,347.0
1934,495.0,442.0,238.0,214.0,347.0
1935,496.0,442.0,239.0,214.0,347.0
1936,495.0,442.0,238.0,214.0,347.0
1937,496.0,442.0,238.0,215.0,347.0
1938,496.0,441.0,238.0,215.0,347.0
1939,495.0,441.0,239.0,214.0,347.0
1940,495.0,441.0,239.0,215.0,347.0
1941,496.0,441.0,240.0,215.0,348.0
1942,496.0,441.0,239.0,219.0,348.0
1943,496.0,440.0,239.0,215.0,347.0
1944,497.0,441.0,239.0,215.0,348.0
1945,496.0,440.0,238.0,214.0,347.0
1946,496.0,441.0,239.0,215.0,347.0
1947,496.0,441.0,238.0,215.0,347.0
1948,497.0,441.0,239.0,214.0,347.0
1949,496.0,441.0,239.0,215.0,347.0
1950,496.0,441.0,238.0,215.0,347.0
1951,497.0,441.0,238.0,215.0,347.0
1952,496.0,441.0,238.0,214.0,347.0
1953,496.0,441.0,238.0,214.0,347.0
1954,496.0,441.0,238.0,214.0,347.0
1955,496.0,441.0,238.0,214.0,347.0
1956,495.0,441.0,238.0,214.0,347.0
1957,496.0,442.0,238.0,214.0,347.0
1958,495.0,441.0,238.0,214.0,347.0
1959,496.0,441.0,238.0,214.0,347.0
1960,497.0,441.0,237.0,215.0,347.0
1961,496.0,441.0,237.0,215.0,347.0
1962,496.0,441.0,237.0,214.0,347.0
1963,496.0,442.0,237.0,214.0,347.0
1964,496.0,442.0,238.0,214.0,347.0
1965,496.0,442.0,237.0,214.0,347.0
1966,496.0,441.0,237.0,214.0,347.0
1967,496.0,442.0,237.0,214.0,347.0
1968,496.0,441.0,237.0,214.0,347.0
1969,496.0,442.0,237.0,214.0,347.0
1970,496.0,442.0,237.0,214.0,347.0
1971,496.0,441.0,237.0,214.0,347.0
1972,496.0,442.0,237.0,214.0,347.0
1973,496.0,441.0,237.0,214.0,347.0
1974,496.0,442.0,237.0,214.0,347.0
1975,496.0,441.0,237.0,214.0,347.0
1976,496.0,441.0,237.0,213.0,346.0
1977,496.0,441.0,237.0,213.0,346.0
1978,496.0,441.0,237.0,213.0,346.0
1979,495.0,442.0,238.0,213.0,347.0
1980,495.0,442.0,237.0,214.0,347.0
1981,495.0,441.0,237.0,214.0,346.0
1982,495.0,441.0,237.0,214.0,346.0
1983,496.0,441.0,237.0,214.0,347.0
1984,496.0,441.0,238.0,214.0,347.0
1985,495.0,441.0,238.0,214.0,347.0
1986,496.0,440.0,238.0,214.0,347.0
1987,496.0,440.0,237.0,215.0,347.0
1988,496.0,440.0,237.0,214.0,346.0
1989,497.0,440.0,238.0,214.0,347.0
1990,496.0,440.0,238.0,215.0,347.0
1991,496.0,440.0,238.0,214.0,347.0
1992,496.0,441.0,238.0,214.0,347.0
1993,496.0,441.0,238.0,215.0,347.0
1994,496.0,441.0,238.0,220.0,348.0
1995,496.0,441.0,238.0,214.0,347.0
1996,496.0,441.0,238.0,214.0,347.0
1997,496.0,441.0,238.0,214.0,347.0
1998,497.0,440.0,237.0,214.0,347.0
1999,496.0,440.0,238.0,214.0,347.0
2000,496.0,440.0,237.0,214.0,346.0
2001,496.0,440.0,238.0,214.0,347.0
2002,496.0,440.0,238.0,214.0,347.0
2003,496.0,440.0,237.0,214.0,346.0
2004,496.0,441.0,237.0,214.0,347.0
2005,496.0,440.0,238.0,214.0,347.0
2006,495.0,440.0,237.0,213.0,346.0
2007,495.0,440.0,237.0,214.0,346.0
2008,495.0,440.0,238.0,214.0,346.0
2009,495.0,441.0,238.0,214.0,347.0
2010,496.0,441.0,238.0,216.0,347.0
2011,496.0,441.0,239.0,214.0,347.0
2012,495.0,441.0,238.0,214.0,347.0
2013,496.0,441.0,237.0,214.0,347.0
2014,496.0,441.0,238.0,215.0,347.0
2015,496.0,440.0,237.0,214.0,346.0
2016,496.0,441.0,238.0,214.0,347.0
2017,496.0,441.0,238.0,214.0,347.0
2018,496.0,441.0,238.0,215.0,347.0
2019,496.0,441.0,238.0,214.0,347.0
2020,495.0,441.0,238.0,214.0,347.0
2021,496.0,440.0,238.0,215.0,347.0
2022,495.0,440.0,238.0,215.0,347.0
2023,495.0,441.0,238.0,214.0,347.0
2024,496.0,441.0,237.0,215.0,347.0
2025,496.0,441.0,238.0,215.0,347.0
2026,495.0,441.0,238.0,214.0,347.0
2027,496.0,441.0,239.0,216.0,348.0
2028,496.0,440.0,239.0,215.0,347.0
2029,495.0,439.0,238.0,215.0,346.0
2030,497.0,440.0,238.0,215.0,347.0
2031,495.0,440.0,238.0,215.0,347.0
2032,497.0,440.0,238.0,215.0,347.0
2033,496.0,440.0,238.0,215.0,347.0
2034,496.0,439.0,238.0,215.0,347.0
2035,496.0,440.0,237.0,214.0,346.0
2036,497.0,440.0,238.0,215.0,347.0
2037,497.0,440.0,238.0,215.0,347.0
2038,495.0,440.0,238.0,215.0,347.0
2039,497.0,440.0,238.0,215.0,347.0
2040,495.0,440.0,237.0,215.0,346.0
2041,497.0,440.0,238.0,215.0,347.0
2042,497.0,440.0,238.0,214.0,347.0
2043,497.0,440.0,238.0,215.0,347.0
2044,497.0,440.0,237.0,215.0,347.0
2045,497.0,440.0,238.0,215.0,347.0
2046,498.0,440.0,238.0,214.0,347.0
2047,496.0,440.0,238.0,214.0,347.0
2048,497.0,440.0,238.0,215.0,347.0
2049,496.0,440.0,238.0,215.0,347.0
2050,497.0,440.0,238.0,214.0,347.0
2051,497.0,440.0,238.0,214.0,347.0
2052,497.0,441.0,238.0,214.0,347.0
2053,497.0,440.0,238.0,214.0,347.0
2054,496.0,440.0,238.0,214.0,347.0
2055,497.0,441.0,238.0,214.0,347.0
2056,496.0,440.0,238.0,214.0,347.0
2057,497.0,441.0,238.0,214.0,347.0
2058,496.0,441.0,237.0,214.0,347.0
2059,497.0,441.0,238.0,214.0,347.0
2060,496.0,441.0,237.0,214.0,347.0
2061,497.0,441.0,238.0,214.0,347.0
2062,497.0,441.0,238.0,214.0,347.0
2063,497.0,441.0,238.0,214.0,347.0
2064,497.0,441.0,239.0,214.0,347.0
2065,496.0,441.0,238.0,214.0,347.0
2066,498.0,441.0,238.0,214.0,347.0
2067,498.0,440.0,237.0,214.0,347.0
2068,498.0,440.0,238.0,214.0,347.0
2069,498.0,440.0,238.0,214.0,347.0
2070,497.0,440.0,238.0,215.0,347.0
2071,497.0,440.0,238.0,214.0,347.0
2072,496.0,440.0,239.0,215.0,347.0
2073,497.0,440.0,239.0,215.0,347.0
2074,496.0,439.0,238.0,216.0,347.0
2075,498.0,440.0,238.0,221.0,349.0
2076,498.0,440.0,238.0,215.0,347.0
2077,498.0,440.0,239.0,214.0,347.0
2078,497.0,440.0,239.0,214.0,347.0
2079,496.0,440.0,239.0,214.0,347.0
2080,497.0,440.0,238.0,213.0,347.0
2081,496.0,440.0,239.0,214.0,347.0
2082,498.0,440.0,239.0,214.0,347.0
2083,496.0,440.0,239.0,214.0,347.0
2084,498.0,440.0,239.0,214.0,347.0
2085,497.0,440.0,238.0,214.0,347.0
2086,498.0,441.0,239.0,214.0,348.0
2087,498.0,441.0,238.0,214.0,347.0
2088,497.0,441.0,238.0,215.0,347.0
2089,497.0,441.0,238.0,214.0,347.0
2090,496.0,441.0,238.0,214.0,347.0
2091,498.0,441.0,238.0,214.0,347.0
2092,496.0,440.0,238.0,214.0,347.0
2093,498.0,440.0,238.0,214.0,347.0
2094,498.0,440.0,238.0,214.0,347.0
2095,497.0,441.0,238.0,214.0,347.0
2096,498.0,441.0,238.0,214.0,347.0
2097,497.0,440.0,238.0,214.0,347.0
2098,497.0,440.0,237.0,213.0,346.0
2099,497.0,440.0,237.0,214.0,347.0
2100,497.0,441.0,237.0,214.0,347.0
2101,496.0,441.0,237.0,213.0,346.0
2102,496.0,441.0,237.0,213.0,346.0
2103,496.0,441.0,237.0,213.0,346.0
2104,496.0,440.0,237.0,214.0,346.0
2105,496.0,441.0,237.0,213.0,346.0
2106,497.0,441.0,237.0,214.0,347.0
2107,497.0,441.0,237.0,213.0,347.0
2108,496.0,441.0,237.0,213.0,346.0
2109,496.0,441.0,237.0,213.0,346.0
2110,496.0,441.0,238.0,215.0,347.0
2111,496.0,441.0,237.0,213.0,346.0
2112,496.0,440.0,237.0,214.0,346.0
2113,496.0,440.0,237.0,214.0,346.0
2114,496.0,440.0,237.0,214.0,346.0
2115,496.0,440.0,237.0,215.0,347.0
2116,497.0,440.0,237.0,214.0,347.0
2117,497.0,440.0,238.0,214.0,347.0
2118,497.0,440.0,238.0,214.0,347.0
2119,497.0,440.0,238.0,214.0,347.0
2120,497.0,440.0,238.0,214.0,347.0
2121,496.0,440.0,238.0,214.0,347.0
2122,497.0,440.0,237.0,214.0,347.0
2123,497.0,440.0,237.0,214.0,347.0
2124,497.0,440.0,237.0,214.0,347.0
2125,498.0,440.0,237.0,214.0,347.0
2126,497.0,440.0,238.0,214.0,347.0
2127,497.0,440.0,237.0,214.0,347.0
2128,497.0,440.0,238.0,214.0,347.0
2129,497.0,440.0,238.0,214.0,347.0
2130,497.0,440.0,238.0,214.0,347.0
2131,497.0,440.0,237.0,214.0,347.0
2132,497.0,440.0,237.0,214.0,347.0
2133,497.0,440.0,237.0,214.0,347.0
2134,497.0,440.0,237.0,214.0,347.0
2135,497.0,440.0,238.0,214.0,347.0
2136,497.0,440.0,237.0,214.0,347.0
2137,497.0,440.0,237.0,214.0,347.0
2138,497.0,440.0,237.0,214.0,347.0
2139,497.0,440.0,237.0,214.0,347.0
2140,497.0,440.0,237.0,214.0,347.0
2141,497.0,440.0,238.0,214.0,347.0
2142,497.0,440.0,238.0,214.0,347.0
2143,497.0,440.0,237.0,214.0,347.0
2144,498.0,440.0,237.0,214.0,347.0
2145,498.0,440.0,237.0,213.0,347.0
2146,497.0,440.0,238.0,214.0,347.0
2147,497.0,441.0,239.0,214.0,347.0
2148,498.0,440.0,238.0,213.0,347.0
2149,496.0,441.0,238.0,213.0,347.0
2150,498.0,441.0,238.0,213.0,347.0
2151,496.0,440.0,238.0,213.0,346.0
2152,496.0,440.0,237.0,214.0,346.0
2153,496.0,441.0,238.0,213.0,347.0
2154,496.0,441.0,237.0,213.0,346.0
2155,497.0,440.0,237.0,213.0,346.0
2156,496.0,440.0,237.0,219.0,348.0
2157,497.0,440.0,237.0,214.0,347.0
2158,496.0,440.0,237.0,214.0,346.0
2159,496.0,439.0,238.0,214.0,346.0
2160,496.0,439.0,238.0,214.0,346.0
2161,497.0,439.0,238.0,214.0,347.0
2162,497.0,439.0,238.0,214.0,347.0
2163,496.0,439.0,239.0,214.0,347.0
2164,496.0,439.0,238.0,214.0,346.0
2165,496.0,440.0,238.0,215.0,347.0
2166,497.0,439.0,238.0,214.0,347.0
2167,497.0,439.0,238.0,214.0,347.0
2168,497.0,440.0,238.0,214.0,347.0
2169,496.0,439.0,239.0,214.0,347.0
2170,496.0,439.0,238.0,214.0,346.0
2171,496.0,439.0,238.0,214.0,346.0
2172,497.0,439.0,238.0,214.0,347.0
2173,496.0,439.0,239.0,214.0,347.0
2174,496.0,439.0,238.0,214.0,346.0
2175,496.0,439.0,239.0,214.0,347.0
2176,496.0,439.0,239.0,214.0,347.0
2177,496.0,439.0,239.0,214.0,347.0
2178,496.0,439.0,239.0,214.0,347.0
2179,496.0,440.0,238.0,214.0,347.0
2180,496.0,439.0,239.0,214.0,347.0
2181,496.0,439.0,238.0,214.0,346.0
2182,496.0,439.0,238.0,214.0,346.0
2183,496.0,439.0,238.0,214.0,346.0
2184,496.0,439.0,238.0,213.0,346.0
2185,496.0,439.0,238.0,214.0,346.0
2186,496.0,439.0,239.0,214.0,347.0
2187,497.0,439.0,238.0,214.0,347.0
2188,498.0,439.0,237.0,214.0,347.0
2189,497.0,439.0,237.0,213.0,346.0
2190,496.0,439.0,238.0,214.0,346.0
2191,496.0,439.0,238.0,213.0,346.0
2192,497.0,439.0,238.0,213.0,346.0
2193,496.0,439.0,238.0,213.0,346.0
2194,496.0,439.0,238.0,213.0,346.0
2195,497.0,439.0,237.0,213.0,346.0
2196,497.0,439.0,238.0,213.0,346.0
2197,496.0,440.0,238.0,213.0,346.0
2198,496.0,440.0,238.0,213.0,346.0
2199,496.0,439.0,238.0,213.0,346.0
2200,496.0,439.0,238.0,213.0,346.0
2201,497.0,439.0,238.0,212.0,346.0
2202,497.0,438.0,238.0,214.0,346.0
2203,497.0,438.0,238.0,214.0,346.0
2204,497.0,438.0,238.0,215.0,347.0
2205,497.0,438.0,238.0,214.0,346.0
2206,497.0,438.0,238.0,214.0,346.0
2207,497.0,438.0,237.0,212.0,346.0
2208,496.0,438.0,238.0,213.0,346.0
2209,497.0,438.0,238.0,213.0,346.0
2210,497.0,438.0,238.0,213.0,346.0
2211,497.0,439.0,238.0,212.0,346.0
2212,496.0,438.0,238.0,212.0,346.0
2213,496.0,438.0,237.0,212.0,345.0
2214,496.0,439.0,237.0,212.0,346.0
2215,496.0,438.0,237.0,212.0,345.0
2216,497.0,439.0,238.0,212.0,346.0
2217,497.0,438.0,238.0,213.0,346.0
2218,497.0,438.0,237.0,213.0,346.0
2219,497.0,438.0,238.0,213.0,346.0
2220,497.0,439.0,238.0,213.0,346.0
2221,498.0,439.0,238.0,214.0,347.0
2222,497.0,439.0,238.0,213.0,346.0
2223,497.0,439.0,238.0,213.0,346.0
2224,497.0,439.0,237.0,213.0,346.0
2225,497.0,439.0,237.0,213.0,346.0
2226,497.0,439.0,238.0,213.0,346.0
2227,497.0,439.0,237.0,213.0,346.0
2228,497.0,439.0,238.0,213.0,346.0
2229,497.0,439.0,237.0,213.0,346.0
2230,497.0,439.0,238.0,213.0,346.0
2231,498.0,439.0,237.0,213.0,346.0
2232,498.0,439.0,237.0,213.0,346.0
2233,497.0,439.0,237.0,212.0,346.0
2234,497.0,439.0,237.0,212.0,346.0
2235,497.0,439.0,237.0,212.0,346.0
2236,496.0,439.0,238.0,212.0,346.0
2237,496.0,439.0,238.0,218.0,347.0
2238,496.0,439.0,238.0,212.0,346.0
2239,497.0,439.0,238.0,212.0,346.0
2240,496.0,439.0,238.0,213.0,346.0
2241,497.0,440.0,239.0,212.0,347.0
2242,498.0,440.0,238.0,213.0,347.0
2243,498.0,440.0,238.0,213.0,347.0
2244,497.0,439.0,238.0,214.0,347.0
2245,498.0,439.0,239.0,213.0,347.0
2246,497.0,439.0,238.0,213.0,346.0
2247,497.0,439.0,238.0,213.0,346.0
2248,497.0,439.0,239.0,213.0,347.0
2249,497.0,439.0,239.0,213.0,347.0
2250,496.0,438.0,239.0,213.0,346.0
2251,497.0,439.0,240.0,213.0,347.0
2252,496.0,439.0,239.0,212.0,346.0
2253,498.0,439.0,239.0,212.0,347.0
2254,496.0,439.0,239.0,212.0,346.0
2255,497.0,439.0,239.0,212.0,346.0
2256,496.0,439.0,239.0,212.0,346.0
2257,497.0,439.0,239.0,212.0,346.0
2258,497.0,438.0,238.0,212.0,346.0
2259,497.0,438.0,238.0,212.0,346.0
2260,499.0,438.0,238.0,213.0,347.0
2261,497.0,438.0,238.0,213.0,346.0
2262,497.0,438.0,238.0,212.0,346.0
2263,496.0,438.0,238.0,213.0,346.0
2264,497.0,439.0,239.0,213.0,347.0
2265,497.0,438.0,238.0,212.0,346.0
2266,496.0,438.0,237.0,212.0,345.0
2267,496.0,438.0,237.0,212.0,345.0
2268,496.0,438.0,237.0,212.0,345.0
2269,496.0,438.0,237.0,212.0,345.0
2270,496.0,438.0,237.0,212.0,345.0
2271,496.0,438.0,237.0,212.0,345.0
2272,496.0,438.0,237.0,212.0,345.0
2273,496.0,438.0,237.0,212.0,345.0
2274,497.0,438.0,237.0,212.0,346.0
2275,496.0,438.0,237.0,211.0,345.0
2276,496.0,438.0,237.0,212.0,345.0
2277,496.0,438.0,237.0,212.0,345.0
2278,496.0,438.0,237.0,212.0,345.0
2279,496.0,438.0,237.0,212.0,345.0
2280,496.0,438.0,237.0,212.0,345.0
2281,496.0,438.0,237.0,212.0,345.0
2282,495.0,438.0,237.0,211.0,345.0
2283,495.0,439.0,237.0,210.0,345.0
2284,495.0,438.0,236.0,210.0,344.0
2285,495.0,438.0,236.0,210.0,344.0
2286,495.0,438.0,236.0,210.0,344.0
2287,496.0,438.0,236.0,211.0,345.0
2288,496.0,437.0,236.0,211.0,345.0
2289,496.0,437.0,236.0,211.0,345.0
2290,496.0,437.0,236.0,212.0,345.0
2291,497.0,437.0,237.0,212.0,345.0
2292,497.0,437.0,236.0,211.0,345.0
2293,496.0,436.0,236.0,212.0,345.0
2294,497.0,436.0,236.0,211.0,345.0
2295,497.0,437.0,237.0,211.0,345.0
2296,497.0,437.0,237.0,212.0,345.0
2297,497.0,437.0,237.0,212.0,345.0
2298,496.0,437.0,237.0,212.0,345.0
2299,497.0,436.0,236.0,211.0,345.0
2300,497.0,436.0,236.0,211.0,345.0
2301,497.0,436.0,236.0,212.0,345.0
2302,497.0,436.0,236.0,211.0,345.0
2303,497.0,436.0,236.0,211.0,345.0
2304,497.0,436.0,236.0,211.0,345.0
2305,497.0,436.0,236.0,211.0,345.0
2306,497.0,436.0,235.0,211.0,344.0
2307,497.0,436.0,236.0,212.0,345.0
2308,499.0,436.0,236.0,212.0,345.0
2309,499.0,437.0,236.0,212.0,346.0
2310,500.0,437.0,236.0,213.0,346.0
2311,499.0,436.0,236.0,212.0,345.0
2312,499.0,437.0,237.0,212.0,346.0
2313,499.0,437.0,236.0,212.0,346.0
2314,499.0,436.0,235.0,212.0,345.0
2315,497.0,436.0,235.0,211.0,344.0
2316,498.0,436.0,235.0,211.0,345.0
2317,499.0,436.0,235.0,212.0,345.0
2318,498.0,437.0,236.0,212.0,345.0
2319,498.0,436.0,235.0,212.0,345.0
2320,500.0,436.0,235.0,212.0,345.0
2321,499.0,436.0,234.0,211.0,345.0
2322,498.0,436.0,235.0,212.0,345.0
2323,498.0,436.0,236.0,212.0,345.0
2324,499.0,436.0,235.0,211.0,345.0
2325,497.0,436.0,235.0,212.0,345.0
2326,497.0,436.0,235.0,213.0,345.0
2327,497.0,436.0,235.0,212.0,345.0
2328,497.0,436.0,235.0,212.0,345.0
2329,497.0,436.0,235.0,212.0,345.0
2330,497.0,436.0,235.0,211.0,344.0
2331,497.0,436.0,235.0,211.0,344.0
2332,497.0,436.0,235.0,212.0,345.0
2333,498.0,436.0,236.0,212.0,345.0
2334,499.0,436.0,236.0,212.0,345.0
2335,499.0,436.0,236.0,213.0,346.0
2336,498.0,436.0,236.0,213.0,345.0
2337,497.0,436.0,236.0,212.0,345.0
2338,497.0,435.0,235.0,212.0,344.0
2339,497.0,435.0,235.0,212.0,344.0
2340,497.0,435.0,235.0,212.0,344.0
2341,497.0,435.0,235.0,212.0,344.0
2342,498.0,435.0,236.0,212.0,345.0
2343,498.0,436.0,236.0,212.0,345.0
2344,498.0,436.0,236.0,212.0,345.0
2345,499.0,436.0,236.0,212.0,345.0
2346,499.0,436.0,235.0,212.0,345.0
2347,498.0,435.0,235.0,212.0,345.0
2348,499.0,436.0,236.0,212.0,345.0
2349,499.0,436.0,236.0,212.0,345.0
2350,499.0,436.0,236.0,212.0,345.0
2351,498.0,436.0,236.0,213.0,345.0
2352,499.0,436.0,237.0,212.0,346.0
2353,498.0,436.0,236.0,212.0,345.0
2354,498.0,436.0,237.0,212.0,345.0
2355,498.0,436.0,236.0,212.0,345.0
2356,498.0,436.0,236.0,211.0,345.0
2357,498.0,436.0,235.0,211.0,345.0
2358,498.0,435.0,235.0,212.0,345.0
2359,499.0,436.0,236.0,212.0,345.0
2360,499.0,436.0,235.0,212.0,345.0
2361,499.0,435.0,235.0,212.0,345.0
2362,500.0,435.0,233.0,212.0,345.0
2363,501.0,435.0,232.0,212.0,345.0
2364,502.0,435.0,232.0,212.0,345.0
2365,503.0,435.0,232.0,213.0,345.0
2366,503.0,436.0,233.0,212.0,346.0
2367,503.0,436.0,234.0,212.0,346.0
2368,502.0,437.0,235.0,211.0,346.0
2369,501.0,438.0,235.0,212.0,346.0
2370,501.0,438.0,236.0,212.0,346.0
2371,501.0,438.0,236.0,212.0,346.0
2372,500.0,439.0,236.0,212.0,346.0
2373,499.0,438.0,236.0,212.0,346.0
2374,499.0,438.0,236.0,211.0,346.0
2375,498.0,438.0,237.0,211.0,346.0
2376,497.0,438.0,237.0,211.0,345.0
2377,497.0,438.0,237.0,211.0,345.0
2378,496.0,437.0,237.0,211.0,345.0
2379,496.0,437.0,236.0,211.0,345.0
2380,497.0,436.0,236.0,210.0,344.0
2381,497.0,436.0,235.0,211.0,344.0
2382,497.0,437.0,236.0,211.0,345.0
2383,497.0,437.0,236.0,211.0,345.0
2384,497.0,436.0,235.0,210.0,344.0
2385,497.0,436.0,235.0,210.0,344.0
2386,497.0,436.0,235.0,210.0,344.0
2387,496.0,436.0,236.0,210.0,344.0
2388,496.0,437.0,236.0,210.0,344.0
2389,496.0,437.0,236.0,210.0,344.0
2390,496.0,437.0,236.0,210.0,344.0
2391,496.0,437.0,235.0,210.0,344.0
2392,496.0,437.0,235.0,209.0,344.0
2393,496.0,437.0,235.0,209.0,344.0
2394,496.0,436.0,235.0,210.0,344.0
2395,495.0,437.0,235.0,210.0,344.0
2396,496.0,437.0,235.0,209.0,344.0
2397,496.0,437.0,234.0,209.0,344.0
2398,495.0,437.0,234.0,209.0,343.0
2399,495.0,437.0,235.0,209.0,344.0
2400,496.0,437.0,235.0,209.0,344.0
2401,496.0,437.0,234.0,208.0,343.0
2402,497.0,437.0,235.0,206.0,343.0
2403,497.0,437.0,235.0,206.0,343.0
2404,497.0,437.0,235.0,207.0,344.0
2405,496.0,437.0,235.0,206.0,343.0
2406,496.0,436.0,234.0,209.0,343.0
2407,496.0,436.0,233.0,217.0,345.0
2408,495.0,435.0,233.0,213.0,344.0
2409,496.0,435.0,232.0,215.0,344.0
2410,495.0,435.0,232.0,216.0,344.0
2411,495.0,435.0,232.0,216.0,344.0
2412,496.0,435.0,232.0,215.0,344.0
2413,496.0,435.0,232.0,215.0,344.0
2414,497.0,435.0,231.0,215.0,344.0
2415,497.0,435.0,231.0,214.0,344.0
2416,497.0,435.0,231.0,214.0,344.0
2417,497.0,435.0,231.0,215.0,344.0
2418,498.0,435.0,232.0,215.0,345.0
2419,498.0,435.0,231.0,214.0,344.0
2420,498.0,435.0,232.0,214.0,344.0
2421,497.0,435.0,232.0,215.0,344.0
2422,497.0,435.0,232.0,215.0,344.0
2423,498.0,435.0,233.0,215.0,345.0
2424,498.0,435.0,233.0,216.0,345.0
2425,498.0,435.0,233.0,214.0,345.0
2426,497.0,435.0,234.0,214.0,345.0
2427,498.0,435.0,234.0,214.0,345.0
2428,497.0,435.0,233.0,213.0,344.0
2429,498.0,434.0,233.0,213.0,344.0
2430,499.0,435.0,233.0,213.0,345.0
2431,498.0,435.0,232.0,212.0,344.0
2432,492.7767269736842,443.57689144736844,236.43174342105263,214.65090460526315,346.4732730263158
